P6,P7,P14,P18,P21,P22,P23,P24,P25,P26,P27,P28,P33,P42,P44,P48,P54,P55,P56,P59,P60,P63,P67,P70,P71,P73,P74,P81,P84,P96,P97,P100,P104,P105,P108,P111,P113,P118,P121,P122,P124,P126,P127,P128,P137,P147,P150,P155,P156,P163,P168,P173,P176,P180,P181,P202,P203,P205,P208,P209,P215,P216,P217,P218,P222,P223,P224,P228,P232,P236,P237,Pathogenicity
string,string,string,string,string,string,string,string,string,string,string,string,string,string,string,string,string,string,string,string,string,string,string,string,string,string,string,string,string,string,string,string,string,string,string,string,string,string,string,string,string,string,string,string,string,string,string,string,string,string,string,string,string,string,string,string,string,string,string,string,string,string,string,string,string,string,string,string,string,string,string,string
V,S,F,V,R,F,A,D,Q,E,L,G,L,S,R,N,F,E,I,R,A,Q,R,E,E,S,D,A,M,A,S,L,T,L,M,D,F,K,V,S,S,C,I,K,T,I,R,I,L,E,G,L,L,T,N,T,V,V,I,I,R,S,V,D,R,L,P,N,K,T,I,1
I,T,Y,I,L,L,S,M,R,D,M,C,D,A,K,S,L,R,V,I,E,K,D,K,S,P,D,I,I,A,P,I,S,M,I,E,Y,R,I,T,G,I,V,K,R,L,Q,V,S,D,A,F,M,S,A,S,I,A,N,I,G,V,C,D,G,P,S,N,Y,R,V,0
V,S,F,V,R,F,A,D,Q,E,L,G,L,S,R,N,I,E,T,R,A,Q,R,E,E,S,D,A,M,A,S,L,T,L,M,D,F,K,V,A,S,C,I,K,V,I,R,I,L,E,G,L,L,T,G,T,V,V,T,I,R,S,S,D,R,L,P,N,K,T,I,1
V,S,F,V,R,F,A,D,Q,E,L,G,L,S,R,S,I,E,T,R,A,Q,R,E,E,S,D,A,M,A,S,L,T,L,M,D,F,K,V,A,S,C,I,R,N,I,R,I,L,E,G,L,L,T,D,T,V,V,T,L,R,G,S,N,R,P,P,K,K,T,I,0
V,S,F,V,Q,F,A,D,Q,E,L,G,L,S,R,N,I,E,T,R,A,Q,R,E,E,S,D,A,M,V,S,L,T,L,M,D,F,K,V,A,S,C,I,K,T,T,R,I,L,G,G,L,L,T,G,T,V,V,T,I,G,S,S,D,R,L,P,N,K,T,I,1
I,T,Y,I,L,L,S,M,R,D,M,C,D,A,K,S,L,R,V,M,E,K,D,K,S,T,D,N,I,A,P,I,S,I,I,E,Y,R,I,T,G,M,V,K,K,L,Q,V,S,D,A,I,M,S,T,S,I,A,N,I,G,I,R,D,G,P,P,K,Y,R,A,0
V,S,F,V,R,F,A,D,Q,E,L,G,L,S,R,S,I,E,T,R,A,Q,R,E,E,S,D,A,M,A,S,L,T,L,M,D,F,K,V,T,S,C,I,K,T,I,R,I,L,E,G,L,L,T,K,T,V,V,I,I,R,S,I,D,R,L,P,D,K,T,I,1
V,S,F,V,R,F,A,D,Q,E,L,G,L,S,R,S,I,E,T,R,A,Q,R,E,E,S,D,A,M,A,S,L,T,L,M,D,F,K,V,A,S,C,I,R,N,I,R,I,L,E,G,L,L,T,D,T,V,V,T,L,R,S,S,N,R,P,P,K,K,T,I,0
V,S,F,V,R,F,A,D,Q,E,L,G,L,S,R,N,I,E,T,R,A,Q,R,E,E,S,D,A,M,A,S,L,T,L,M,D,F,K,V,T,S,C,F,K,T,I,R,I,L,E,G,L,L,T,N,T,V,V,I,I,R,S,I,D,R,L,P,D,K,T,I,1
I,T,Y,I,L,L,S,M,R,D,M,C,D,A,K,S,L,R,V,M,E,K,D,K,S,T,D,N,I,A,P,I,S,I,I,E,Y,R,I,T,G,M,V,K,R,L,Q,V,S,D,A,I,M,S,T,S,I,A,N,I,G,I,R,D,G,P,P,K,Y,R,V,0
V,S,F,V,R,F,A,D,Q,E,L,G,L,S,R,N,I,E,T,R,A,Q,R,D,E,P,D,A,M,T,S,L,T,L,M,D,F,K,V,V,S,C,I,K,I,I,R,I,L,E,G,L,L,T,G,T,V,V,T,I,R,N,S,D,R,L,P,N,K,A,I,1
I,T,Y,I,L,L,S,M,R,D,M,C,D,A,K,S,L,R,V,M,E,K,D,K,S,T,D,N,I,A,P,I,S,I,I,E,Y,R,I,T,G,M,V,K,R,L,Q,V,S,D,A,I,M,S,T,S,I,A,N,I,G,V,R,D,G,P,P,K,Y,R,V,0
V,S,F,V,R,F,A,D,Q,E,L,G,L,S,R,N,I,E,T,R,A,Q,R,E,E,S,D,A,M,A,L,L,T,L,M,D,F,K,V,A,S,C,I,R,T,I,R,I,L,E,G,L,L,T,D,T,V,V,T,L,R,S,S,D,R,P,P,K,?,?,?,1
V,S,F,V,R,F,A,D,Q,E,L,G,L,S,R,S,I,E,T,R,A,Q,R,E,E,S,D,A,M,A,S,L,T,L,M,D,F,K,V,A,S,C,I,R,N,I,R,I,L,E,G,L,L,T,D,T,V,V,T,L,R,S,S,N,R,P,P,K,E,T,I,0
V,L,F,V,R,F,A,D,Q,E,L,G,L,S,R,N,I,E,T,R,A,Q,R,E,E,S,D,A,M,A,S,L,T,L,M,D,F,K,V,A,S,C,I,K,T,I,R,I,L,E,G,L,L,T,G,T,V,V,T,I,R,G,G,D,R,L,P,N,K,T,I,1
V,S,F,V,R,F,A,D,Q,E,L,G,L,S,R,S,I,E,T,R,A,Q,R,E,E,S,N,A,M,A,S,L,T,L,M,D,F,K,V,A,S,C,I,R,N,I,R,I,L,E,G,L,L,T,D,T,V,V,T,L,R,S,S,N,R,P,P,K,K,T,I,0
V,S,F,V,R,F,G,D,Q,E,L,G,L,S,R,N,I,E,T,R,A,Q,R,G,E,S,D,A,M,T,S,L,T,L,M,D,F,K,V,A,S,C,I,K,T,I,R,I,L,E,G,L,L,T,G,T,V,V,T,I,R,S,S,D,R,L,P,N,K,T,I,1
V,S,F,V,R,F,A,D,Q,E,M,G,L,S,R,S,I,E,T,R,A,Q,R,E,G,S,D,T,M,T,S,L,T,L,M,D,F,K,M,A,S,Y,I,R,N,I,R,T,L,E,G,L,L,T,D,T,V,V,T,L,R,S,S,N,G,P,S,K,K,T,V,0
V,S,F,V,R,F,A,D,Q,E,L,G,L,S,R,N,I,E,T,R,A,Q,R,D,E,S,D,A,M,T,S,L,T,L,M,D,F,K,V,V,S,C,I,K,T,I,R,I,L,E,G,L,L,T,S,T,V,V,T,I,R,S,S,D,R,L,P,N,K,T,I,1
V,S,F,V,R,F,A,D,Q,E,L,G,L,S,R,S,I,E,T,R,A,Q,R,E,E,S,D,A,M,A,S,L,T,L,M,D,F,K,V,A,S,C,I,R,N,I,R,I,L,E,G,L,L,T,D,T,V,V,N,L,R,S,S,N,R,P,P,K,K,T,I,0
V,S,F,V,R,F,A,D,Q,E,M,G,L,S,R,N,I,E,T,C,A,Q,R,E,E,S,D,A,M,V,S,L,T,L,M,D,F,K,V,A,S,C,I,K,A,T,R,I,L,E,G,L,L,T,G,T,V,V,T,I,G,S,S,D,R,P,P,N,K,T,I,1
V,S,F,V,R,F,A,D,Q,E,L,G,L,S,R,S,I,E,T,R,A,Q,R,E,E,S,D,A,M,A,S,L,T,L,M,D,F,K,V,A,S,C,I,R,N,I,R,I,L,E,G,L,L,T,D,T,V,V,T,L,R,S,S,N,R,P,P,K,K,T,T,0
V,S,F,V,R,F,A,D,Q,E,L,G,L,S,R,N,I,E,T,R,A,Q,R,E,E,S,D,A,I,A,S,L,T,L,M,D,F,K,V,A,S,C,I,K,T,I,R,I,L,E,G,L,L,T,G,T,V,V,T,I,R,S,S,D,R,L,P,N,K,T,I,1
V,S,F,V,R,F,A,D,Q,E,L,G,L,S,R,S,I,E,T,R,A,Q,R,E,E,S,D,A,M,A,S,L,T,L,M,D,F,K,V,A,S,C,I,R,N,I,Q,I,L,E,G,L,L,T,D,T,V,V,T,L,R,S,C,N,R,P,P,K,K,T,I,0
V,L,F,V,R,F,A,D,Q,E,L,G,L,S,K,N,I,E,T,S,A,Q,R,E,E,S,D,A,K,A,S,L,T,L,M,D,F,K,V,A,S,C,I,K,T,I,R,I,L,K,G,L,L,T,G,T,V,V,T,I,R,G,G,D,R,L,P,N,K,T,I,1
I,T,Y,I,L,L,S,M,R,D,M,C,D,A,K,S,L,R,V,M,E,K,D,K,S,T,D,N,I,A,P,I,S,I,I,E,Y,R,I,T,G,M,V,K,R,L,Q,V,S,D,A,I,M,S,T,S,I,A,N,I,G,V,R,D,G,P,P,K,Y,R,V,0
V,S,F,V,R,F,A,D,Q,E,L,G,L,S,R,N,I,E,T,R,A,Q,R,E,E,S,D,A,M,A,S,L,T,L,M,D,F,K,V,T,S,C,I,K,T,I,R,I,L,E,G,L,L,T,N,T,V,I,T,I,R,S,I,G,R,L,P,D,K,T,I,1
V,S,F,V,R,F,A,D,Q,E,L,G,L,S,R,S,I,E,T,R,A,Q,R,E,E,S,D,A,M,A,S,L,T,L,M,D,F,K,V,A,S,C,I,R,N,I,R,V,L,E,G,L,L,T,D,T,V,V,T,L,R,S,C,N,R,P,P,K,K,T,I,0
V,S,F,V,R,F,A,D,Q,E,L,G,L,S,R,S,I,E,T,R,A,Q,R,E,E,S,D,A,M,A,S,L,T,L,M,D,F,K,V,A,P,C,I,R,N,I,R,I,L,E,G,L,L,T,D,T,V,V,I,L,R,S,S,N,R,P,P,K,K,T,I,1
I,T,Y,I,L,L,S,M,R,D,M,C,D,A,K,S,L,R,V,M,E,K,D,K,S,T,D,N,I,A,P,I,S,I,I,E,Y,R,I,T,G,M,V,K,R,L,Q,V,S,D,A,I,M,S,T,S,I,A,N,I,G,I,R,D,G,P,P,K,Y,R,V,0
V,S,F,V,R,F,A,D,Q,E,L,G,L,S,R,N,I,E,T,R,A,Q,R,E,E,S,D,A,M,V,S,L,T,L,M,D,F,R,V,T,S,C,I,K,T,I,R,I,L,E,G,L,L,T,N,T,V,V,I,I,R,S,V,D,R,L,P,E,K,T,I,1
I,T,Y,I,L,L,S,M,R,D,M,C,D,A,K,S,L,R,V,M,E,K,D,K,S,T,D,N,I,A,P,I,S,I,I,E,Y,R,I,T,G,M,V,K,R,L,Q,V,S,D,A,I,M,S,T,S,I,A,N,I,G,V,R,D,R,P,P,K,Y,R,I,0
V,S,F,V,R,F,A,D,Q,E,L,G,L,S,R,N,I,E,T,R,A,Q,R,E,E,S,D,A,M,V,S,L,T,L,M,D,F,K,V,A,S,C,I,K,T,T,R,I,L,G,G,L,L,T,G,T,V,V,T,I,G,S,S,D,R,L,P,N,K,T,I,1
I,T,Y,I,L,L,S,M,R,D,M,C,D,A,K,S,L,R,V,M,E,K,D,K,S,T,D,N,I,A,P,I,S,I,I,E,Y,R,I,T,G,M,V,K,R,L,Q,V,S,D,A,I,M,S,T,S,I,A,N,I,G,I,R,D,G,P,P,K,Y,G,V,0
V,L,F,V,R,L,A,D,Q,E,L,G,L,S,R,N,I,E,T,R,A,Q,R,E,E,S,D,A,M,A,S,L,T,L,M,D,F,K,V,A,S,C,I,K,T,I,R,I,L,E,G,L,L,T,G,T,V,V,A,I,R,G,G,D,R,P,P,N,K,T,I,1
I,T,Y,I,L,L,S,M,R,D,M,C,D,A,K,S,L,R,V,T,E,K,D,K,S,T,D,N,I,A,P,V,S,I,I,E,Y,R,M,T,G,M,V,K,R,L,Q,V,S,D,A,I,M,S,T,S,I,A,N,I,G,V,R,D,G,P,P,K,Y,R,V,0
V,S,F,V,R,F,A,D,Q,E,L,G,L,S,R,N,I,E,T,R,A,Q,R,E,E,S,D,A,M,A,S,L,T,L,M,D,F,K,V,A,S,C,I,K,T,I,R,I,L,E,G,L,L,T,G,T,V,V,T,I,R,S,S,D,R,L,P,N,K,T,I,1
V,S,F,V,R,F,A,D,Q,E,Q,G,L,S,R,S,I,E,T,R,A,Q,R,E,E,S,D,A,M,I,S,L,T,L,M,D,F,K,V,A,S,C,I,R,N,M,R,I,L,E,G,L,L,T,D,T,V,V,T,L,R,S,S,N,R,P,P,K,K,T,I,0
I,T,Y,I,L,L,S,M,R,D,M,C,D,A,K,S,L,R,V,M,E,K,N,K,S,T,N,N,I,A,P,I,S,I,M,E,Y,R,I,T,G,M,V,K,R,L,Q,V,S,S,A,I,I,S,T,S,I,A,N,I,G,I,R,D,G,P,S,K,Y,R,V,1
I,T,Y,I,L,L,S,M,R,D,M,C,D,A,K,S,L,R,V,I,E,K,D,K,S,T,D,I,I,A,P,I,S,I,I,E,Y,R,I,T,G,I,V,K,R,L,Q,V,S,D,A,F,M,S,T,S,I,A,N,I,G,V,R,D,G,P,S,N,Y,R,V,0
V,S,F,V,R,F,A,D,Q,E,L,G,L,S,R,N,I,K,T,R,A,Q,R,E,E,S,D,A,M,T,S,L,T,L,M,D,F,K,V,A,S,C,I,K,T,I,R,I,L,E,G,L,L,T,S,T,V,V,T,I,R,S,S,N,R,L,L,N,?,?,?,1
V,S,F,V,R,F,S,D,Q,E,L,G,L,S,R,S,I,E,T,R,A,Q,R,E,E,S,D,A,M,A,S,L,T,L,M,D,F,K,V,A,S,C,I,R,N,I,R,I,L,E,G,L,L,T,D,T,V,V,T,L,R,S,S,N,R,P,P,K,K,T,I,0
V,S,F,V,R,F,A,D,R,E,L,G,L,S,R,N,I,E,T,R,A,Q,R,E,E,S,D,A,M,A,S,L,T,L,M,D,F,K,V,A,S,C,I,K,V,I,R,I,L,E,G,L,L,T,G,T,V,V,T,L,R,S,S,D,R,L,S,N,K,T,I,1
I,T,Y,I,L,L,S,M,R,D,M,C,D,A,K,S,L,R,V,M,E,K,D,K,S,T,D,N,I,A,P,I,S,I,I,E,Y,R,I,T,G,M,V,K,R,L,Q,I,S,D,A,I,M,S,T,S,I,A,N,I,G,V,R,D,G,P,P,K,Y,R,V,0
V,L,F,V,R,F,A,D,Q,E,L,G,L,S,R,N,I,E,T,R,A,Q,R,E,E,S,D,A,M,A,S,L,T,L,M,D,F,K,V,A,S,C,I,K,A,I,R,I,L,E,G,L,L,T,G,T,V,V,T,I,R,G,S,N,R,L,P,N,K,T,I,1
V,S,F,V,R,F,A,D,Q,E,L,G,L,S,R,S,I,E,T,R,A,Q,R,E,E,S,D,A,M,A,S,L,T,L,M,D,F,K,V,A,S,C,I,R,N,I,R,I,L,E,G,L,L,T,D,T,V,V,T,L,R,S,S,N,R,P,S,K,K,T,I,0
V,L,F,V,R,F,A,D,Q,E,L,G,L,S,R,N,I,E,T,R,A,Q,R,E,E,S,D,A,M,T,S,L,T,L,M,D,F,K,V,A,S,C,I,K,T,I,R,I,L,E,G,L,L,T,D,T,V,V,T,I,R,G,S,D,R,L,P,N,K,T,I,1
V,S,F,V,R,F,A,D,Q,E,L,G,L,S,R,S,I,E,T,R,A,Q,R,E,E,S,D,A,M,A,S,L,T,L,M,D,F,K,V,A,S,C,I,R,N,I,R,I,L,E,G,L,L,T,D,T,V,V,T,L,R,S,S,D,R,P,P,K,K,T,I,0
V,S,F,V,R,F,A,D,Q,E,L,G,L,S,R,N,I,E,T,R,A,Q,R,E,E,S,D,A,M,A,S,L,T,L,M,D,F,K,V,T,S,C,I,K,T,I,R,I,L,E,G,L,L,T,N,T,V,V,I,I,R,S,I,G,R,L,P,D,K,T,I,1
V,S,F,V,R,I,A,D,Q,E,L,G,L,S,R,S,I,E,T,R,A,Q,R,E,E,S,D,A,M,A,S,L,T,L,M,E,F,K,V,A,S,C,I,R,N,I,R,I,L,E,G,L,L,T,D,T,V,V,T,L,R,S,S,N,R,P,S,K,K,T,I,0
V,S,F,V,R,F,A,D,Q,E,L,G,L,S,R,N,I,E,T,R,A,Q,R,E,E,S,D,A,M,A,S,L,T,L,M,D,F,K,V,A,S,C,I,K,T,I,R,I,L,E,G,L,L,T,D,T,V,V,T,I,R,S,S,D,R,L,P,N,K,T,I,1
I,T,Y,I,L,L,S,M,R,D,M,C,D,A,K,S,L,R,V,M,E,K,D,K,S,T,D,N,I,A,P,I,S,I,I,E,Y,R,I,T,G,M,V,K,R,L,Q,V,S,D,A,I,M,S,T,S,I,A,N,I,G,V,R,D,G,P,P,K,Y,R,V,0
V,S,F,V,R,F,A,D,Q,E,L,G,L,S,R,N,I,E,T,R,A,Q,R,E,E,S,D,A,M,A,S,L,T,L,M,D,F,K,V,A,S,C,I,K,I,I,R,I,L,E,G,L,L,T,D,T,V,V,T,I,R,S,S,D,R,L,P,N,K,T,I,1
V,S,F,V,R,F,A,D,Q,E,L,G,L,S,R,S,I,E,T,R,A,Q,R,E,E,S,D,A,M,A,S,L,T,L,M,D,F,K,V,A,S,C,I,R,N,I,R,I,L,E,G,L,L,T,D,T,V,V,T,L,R,S,S,N,R,P,P,K,K,T,I,0
V,S,F,V,R,F,A,D,Q,E,L,G,L,S,R,N,I,E,T,R,A,Q,R,E,E,Y,D,A,M,V,S,L,T,L,M,D,F,K,V,A,S,C,I,K,T,T,R,I,L,G,G,L,L,T,G,T,V,V,T,I,G,S,S,D,R,L,P,N,K,T,I,1
I,T,Y,I,L,L,S,M,R,D,M,C,D,A,K,S,L,R,V,M,E,K,D,K,S,T,D,N,I,A,P,I,S,I,I,E,Y,R,I,T,G,M,V,K,R,L,Q,V,S,D,A,I,M,S,T,S,I,A,N,I,G,I,R,D,G,P,P,K,Y,R,V,0
V,S,F,V,R,F,A,D,Q,E,L,G,L,S,R,N,I,K,T,R,A,Q,R,E,E,S,D,A,M,A,S,L,T,L,M,D,F,K,V,A,P,R,I,K,T,I,R,I,L,E,G,L,L,T,G,T,V,V,T,I,R,S,S,D,R,L,P,N,K,T,I,1
I,T,Y,I,L,L,S,M,R,D,M,C,D,A,K,S,L,R,V,M,E,E,D,K,S,T,D,N,I,A,P,I,S,I,I,E,Y,R,I,T,G,M,V,K,R,L,Q,V,S,D,A,I,M,S,T,S,I,A,N,I,G,I,R,D,G,P,S,K,Y,R,V,0
V,L,F,V,R,F,A,D,Q,E,L,G,L,S,R,N,I,E,T,H,A,Q,R,E,E,S,D,A,M,A,S,L,T,L,M,D,F,K,V,A,S,C,I,K,T,I,R,I,L,E,G,L,L,T,G,T,V,V,T,I,S,G,S,D,R,L,P,N,K,T,I,1
I,T,Y,I,L,L,S,M,R,D,M,C,D,A,K,S,L,R,M,M,E,K,D,K,S,T,D,N,I,A,P,I,S,I,I,E,Y,R,I,T,G,M,V,K,R,L,Q,V,S,D,A,I,M,S,T,S,I,A,N,I,G,V,R,D,G,P,P,K,Y,R,V,0
V,S,F,V,R,F,A,D,Q,E,L,G,L,S,R,N,I,E,T,C,A,Q,R,E,E,S,D,A,M,A,S,L,T,L,M,D,F,K,V,A,S,C,I,K,T,I,R,I,L,E,G,L,L,T,G,T,V,V,T,I,R,S,S,D,R,L,P,N,K,T,I,1
M,S,F,V,R,F,A,D,Q,E,L,G,L,S,R,S,I,E,T,R,A,Q,R,E,E,S,D,A,M,A,S,L,T,L,M,D,F,K,V,A,S,C,I,R,N,I,R,I,L,E,G,L,L,T,D,T,V,V,T,L,R,G,S,N,R,P,P,K,K,T,I,0
V,S,F,V,R,F,A,D,Q,E,L,G,L,S,R,N,I,E,T,R,A,Q,R,E,D,S,D,A,M,T,S,L,T,L,M,D,F,K,V,A,S,C,I,K,V,I,R,I,L,E,G,L,L,T,G,T,V,V,T,I,R,S,S,D,R,L,P,N,K,T,I,1
I,T,Y,I,L,L,S,M,R,D,M,C,D,A,K,S,L,R,V,M,E,K,D,K,S,T,D,N,I,A,P,I,S,I,I,E,Y,R,I,T,G,M,V,K,R,L,Q,V,S,D,A,I,M,S,T,S,I,A,N,I,G,V,R,D,G,P,P,K,Y,R,I,0
V,S,F,V,R,F,A,D,Q,E,L,G,L,S,R,N,I,E,T,R,A,Q,R,E,E,S,D,A,M,A,S,L,T,L,M,D,F,K,V,A,S,C,I,K,T,I,R,I,L,E,G,L,L,T,G,T,V,V,T,I,R,S,S,D,R,L,P,N,K,T,I,1
V,S,F,V,R,F,A,D,Q,E,L,G,L,S,R,S,I,E,T,R,A,Q,R,E,E,S,D,A,M,V,S,L,T,L,M,D,F,K,V,A,S,C,I,R,N,T,R,I,L,E,G,L,L,T,D,T,V,V,T,L,R,S,S,N,R,P,S,K,E,T,I,0
V,S,F,I,R,F,A,D,Q,E,L,G,L,S,R,N,I,E,T,R,A,Q,R,D,E,S,D,A,M,T,S,L,T,L,M,D,F,K,V,V,S,C,I,K,T,I,R,I,L,E,G,L,L,T,S,T,V,V,T,I,R,S,S,D,R,L,P,N,K,T,I,1
V,L,F,V,R,F,A,D,Q,E,M,G,L,S,R,S,I,E,T,R,A,Q,R,E,E,S,D,A,M,A,S,L,T,L,M,D,F,K,I,A,S,C,I,R,N,I,R,I,L,E,G,L,L,T,D,T,V,V,T,L,R,S,S,N,R,P,P,K,K,T,I,0
V,S,F,V,R,F,A,D,Q,E,M,G,L,S,R,N,I,E,T,R,A,Q,R,E,E,S,D,A,M,A,S,L,T,L,M,D,F,K,V,T,S,C,I,K,T,I,R,I,L,E,G,L,L,T,N,T,V,I,I,I,R,S,I,D,R,L,P,D,K,T,I,1
V,S,F,V,R,F,A,D,Q,E,L,G,L,S,R,S,I,E,T,H,A,Q,R,E,E,S,D,A,M,A,S,L,T,L,M,D,F,K,V,A,S,C,I,R,N,I,R,I,L,E,G,L,L,T,D,T,V,V,T,L,R,S,S,N,R,P,P,K,K,T,V,0
V,L,F,V,R,F,A,D,Q,E,L,G,L,S,R,N,I,E,T,R,A,Q,R,E,E,S,D,A,M,V,L,L,T,L,M,D,F,K,V,A,S,C,I,K,T,T,Q,I,L,G,G,L,L,T,G,T,V,V,T,I,G,S,S,D,R,L,P,N,R,T,I,1
V,S,F,V,R,F,A,D,Q,E,L,G,L,S,R,S,I,E,T,R,A,Q,R,E,E,S,D,A,M,A,S,L,T,L,M,D,F,K,V,A,S,C,I,R,N,I,R,I,L,E,G,L,L,T,D,T,V,V,T,L,R,S,S,N,R,P,P,K,K,T,I,0
V,S,F,V,R,F,A,D,Q,E,L,G,L,S,R,N,I,E,T,R,V,Q,R,D,E,S,D,A,M,T,S,L,T,L,M,D,F,K,V,V,S,C,I,K,T,I,R,I,L,E,G,L,L,T,S,T,V,I,T,I,R,S,S,D,R,L,P,H,K,T,I,1
V,S,F,V,R,F,A,D,Q,E,L,G,L,S,R,S,I,E,T,R,A,Q,R,E,E,Y,D,A,M,A,S,L,T,L,M,D,F,K,V,A,S,C,I,R,N,I,R,I,L,E,G,L,L,T,D,T,V,V,T,L,R,S,S,N,R,P,P,K,K,T,I,0
V,S,F,V,R,F,A,D,Q,E,L,G,L,S,R,N,I,E,T,C,A,Q,R,E,E,S,D,A,M,A,P,L,T,L,M,D,F,K,V,A,S,C,I,K,N,I,R,I,L,E,G,L,L,T,D,T,V,V,T,L,R,S,S,D,R,P,P,N,K,T,I,1
V,S,F,V,R,F,A,D,Q,E,M,G,L,S,R,S,I,E,T,R,A,Q,R,E,G,S,D,T,M,T,S,L,T,L,M,D,F,K,M,A,S,Y,I,R,N,I,R,T,L,E,G,L,L,T,D,T,V,V,T,L,R,S,S,N,G,P,S,K,?,?,?,0
V,S,F,V,R,F,A,D,Q,E,L,G,L,S,R,N,I,K,T,R,A,Q,R,E,E,S,D,A,M,T,S,L,T,L,M,D,F,R,V,A,S,C,I,K,T,I,R,I,L,E,G,L,L,T,G,T,V,V,T,I,R,S,S,D,R,L,P,N,K,T,I,1
I,T,Y,I,L,L,S,M,R,D,M,C,D,A,K,S,L,R,V,M,E,K,D,K,S,T,D,N,I,A,P,I,S,I,I,E,Y,R,V,T,G,M,V,K,R,L,Q,V,S,D,A,I,M,S,T,S,I,A,N,I,G,I,R,D,G,P,P,K,Y,R,V,0
V,S,F,V,R,F,A,D,Q,E,L,G,L,S,R,N,I,E,T,R,A,Q,R,E,E,S,D,A,M,A,S,L,T,L,M,D,F,K,V,T,S,C,I,K,T,I,R,I,L,E,G,L,L,T,N,T,V,V,I,I,R,S,I,D,R,L,P,D,K,T,I,1
I,T,Y,I,L,L,S,M,R,D,M,C,D,A,K,S,L,R,V,M,E,K,D,K,S,T,D,N,I,A,P,V,S,I,I,E,Y,R,I,T,G,I,V,K,R,L,Q,V,S,D,A,F,I,S,T,S,I,A,N,I,G,V,R,D,G,P,S,E,Y,R,V,0
V,S,F,V,R,F,A,D,Q,E,L,G,L,S,R,N,I,E,T,R,A,Q,R,E,E,S,D,A,M,A,S,L,T,L,M,D,F,K,V,T,S,C,I,K,T,I,R,I,L,E,G,L,L,T,N,T,V,I,I,I,R,S,I,D,R,L,P,D,K,T,I,1
V,S,F,V,R,F,A,D,Q,E,L,G,L,S,R,S,I,E,T,S,T,Q,R,E,E,S,D,A,M,V,S,L,T,L,M,D,F,K,V,A,S,C,I,R,K,I,R,I,L,E,G,L,L,T,D,T,V,V,A,L,K,G,S,N,R,P,P,K,?,?,?,0
V,S,F,V,R,F,A,D,Q,K,L,G,L,S,R,S,I,R,T,Y,E,H,R,E,E,S,D,E,M,A,P,L,T,I,M,D,L,K,V,T,S,C,I,R,N,I,R,I,L,E,G,L,L,T,D,T,V,V,T,L,R,S,S,D,R,P,P,K,?,?,?,1
V,S,F,V,R,F,A,D,Q,E,L,G,L,S,R,S,I,E,T,R,A,Q,R,E,E,S,D,A,M,A,S,L,T,L,M,D,F,K,V,A,S,C,I,R,N,I,R,I,L,E,G,L,L,T,D,T,V,V,T,L,R,S,S,N,R,P,P,K,K,T,I,0
V,S,F,V,R,F,A,D,Q,E,L,G,L,S,R,N,I,E,T,R,A,Q,R,E,E,S,D,A,M,T,S,L,T,L,M,D,F,K,V,A,S,C,I,K,T,I,R,I,L,E,G,L,L,T,G,T,V,V,T,I,R,S,S,D,R,L,P,N,K,T,V,1
I,T,Y,I,L,L,S,M,R,D,M,C,D,A,K,S,L,R,V,M,G,K,D,K,S,T,D,N,I,A,P,I,S,I,I,E,Y,R,I,T,G,M,V,K,R,L,Q,V,S,D,A,I,M,S,T,S,I,A,N,I,G,I,R,D,G,P,P,K,Y,R,V,0
V,L,F,V,R,F,A,D,Q,E,L,G,L,S,R,N,I,E,T,R,A,Q,R,E,E,S,D,A,M,A,S,L,T,L,M,D,F,K,V,A,S,C,I,K,T,F,R,I,L,E,G,L,L,T,G,T,V,V,T,I,R,G,G,D,R,L,P,N,K,T,I,1
I,T,Y,I,L,L,S,M,R,D,M,C,D,A,K,S,L,R,V,M,E,K,D,K,S,T,D,N,I,A,P,I,S,I,I,E,Y,R,I,T,G,M,V,K,R,L,Q,V,S,D,A,I,M,S,T,S,I,A,N,I,G,I,R,D,G,P,P,K,Y,R,A,0
V,S,F,V,R,F,A,D,Q,E,L,G,L,S,R,N,I,E,T,R,A,Q,R,E,E,S,D,A,M,A,S,L,T,L,M,G,F,K,I,A,S,C,I,K,N,I,R,I,L,E,G,L,L,T,D,T,V,V,T,L,R,S,S,D,R,P,P,N,K,T,I,1
I,T,Y,I,L,L,S,M,R,D,M,C,D,A,K,S,L,R,V,I,E,K,D,K,S,P,D,I,I,A,P,I,S,M,I,E,Y,R,I,T,G,V,V,K,R,L,Q,V,S,D,A,F,M,S,A,S,I,A,N,I,G,V,C,D,G,P,S,N,Y,R,V,0
V,S,F,V,R,F,A,D,Q,E,L,G,L,S,R,N,I,E,T,R,A,Q,W,D,E,S,D,A,M,T,S,L,T,L,M,D,F,K,V,V,S,C,I,K,T,I,R,I,L,E,G,L,L,T,S,T,V,V,T,I,R,S,S,D,R,L,P,N,K,T,I,1
I,T,Y,I,L,L,S,M,R,D,M,C,D,A,K,S,L,R,V,M,E,K,N,K,S,T,D,H,I,A,P,I,S,I,I,E,Y,R,I,T,G,M,V,K,R,L,Q,V,S,S,A,I,M,S,A,S,I,A,N,I,G,V,R,D,G,P,P,K,Y,R,V,0
V,S,F,V,R,F,A,D,Q,E,L,G,L,S,R,S,I,E,T,R,A,Q,R,E,E,S,D,A,M,A,S,L,T,L,M,D,F,K,V,T,S,C,I,K,T,I,R,I,L,E,G,L,L,T,N,T,V,V,I,I,R,S,V,D,R,L,P,D,K,T,I,1
V,S,F,V,R,F,A,D,Q,E,M,G,L,S,R,S,I,E,T,R,A,Q,R,E,G,S,D,A,M,T,S,L,T,L,M,D,F,K,M,A,S,Y,I,R,N,I,R,T,L,E,G,L,L,T,D,T,V,V,T,L,R,S,S,N,G,P,S,K,K,T,V,0
V,S,F,V,R,F,A,D,Q,E,L,G,L,S,R,N,I,E,T,R,A,Q,R,E,E,S,D,T,M,T,S,L,T,L,M,D,F,K,V,A,S,C,I,K,T,I,R,I,L,E,G,L,L,T,G,T,V,V,T,I,R,S,S,D,R,L,P,N,K,T,I,1
V,S,F,V,R,F,A,D,Q,E,L,G,L,S,R,S,I,E,T,S,A,Q,R,E,E,S,D,A,M,V,S,L,T,L,M,D,F,K,V,A,S,C,I,R,K,I,R,I,L,E,G,L,L,T,D,T,V,V,A,L,K,G,S,N,R,P,P,K,?,?,?,0
V,S,F,V,R,F,A,D,Q,E,L,G,L,S,R,N,I,E,T,R,A,Q,R,E,E,S,D,A,M,T,S,L,T,L,M,D,F,K,V,A,S,C,I,K,T,I,R,I,L,E,G,L,L,T,G,T,V,V,T,I,R,S,S,N,R,L,P,N,K,T,T,1
V,S,F,V,R,F,A,D,Q,E,L,G,L,S,R,S,I,E,T,R,A,Q,R,E,E,S,D,A,M,A,S,L,T,L,M,D,F,K,V,A,S,C,I,R,N,I,R,I,L,E,G,L,L,T,D,T,V,V,T,L,R,S,S,N,R,P,P,K,K,T,I,0
V,S,F,V,R,F,A,D,Q,E,L,G,L,S,R,N,I,E,T,R,A,Q,R,E,E,S,D,A,M,T,S,L,T,L,M,D,F,K,V,A,S,C,I,K,T,I,R,I,L,E,G,L,L,T,G,T,V,I,T,I,R,S,S,D,R,L,P,N,K,T,I,1
V,S,F,V,R,F,A,D,Q,E,L,G,L,S,R,S,I,E,R,R,A,Q,R,G,E,S,D,A,M,A,S,L,T,L,M,D,F,K,V,A,S,C,I,R,N,I,R,I,L,E,G,L,L,T,D,T,V,V,T,L,R,S,S,N,R,P,P,K,K,T,I,0
V,S,F,V,R,F,A,D,Q,E,L,G,L,S,R,N,I,E,T,R,A,Q,R,E,E,S,D,A,M,A,S,L,N,L,M,D,F,K,V,A,S,C,I,K,T,I,R,I,L,E,G,L,L,T,G,T,V,V,T,I,R,S,S,N,R,L,P,N,K,T,I,1
I,T,Y,I,L,L,S,M,R,D,M,C,D,A,K,S,L,R,V,M,E,K,D,R,S,T,D,N,I,A,P,I,S,I,I,E,Y,R,I,T,G,M,V,K,R,L,Q,V,S,D,A,I,M,S,T,S,I,A,N,I,G,V,H,D,G,P,P,K,Y,R,V,0
V,S,F,V,R,F,A,D,Q,E,L,G,L,S,R,N,I,E,I,R,A,Q,R,E,E,S,D,A,M,T,S,L,T,L,M,G,F,K,V,T,S,C,I,K,T,I,R,I,L,E,G,L,L,T,G,T,V,V,T,I,R,S,S,D,R,L,P,N,K,T,I,1
V,S,F,V,R,F,A,D,Q,E,L,G,L,S,R,S,I,E,T,R,A,Q,R,E,E,S,D,A,M,A,S,L,T,L,M,D,F,K,V,A,S,C,I,R,N,I,R,I,L,E,G,L,L,T,D,T,V,V,T,L,R,S,S,N,R,P,P,K,K,T,V,0
V,S,F,V,R,F,A,D,Q,E,L,G,L,S,R,S,I,R,T,R,E,H,R,E,E,S,D,A,M,A,P,L,T,L,M,D,L,K,V,T,S,C,I,R,D,I,R,I,L,E,G,L,L,T,E,T,V,V,T,L,R,S,S,D,R,S,P,K,K,T,I,1
I,T,Y,I,L,L,S,M,R,D,M,C,D,A,K,S,L,R,V,M,E,K,D,K,S,T,D,N,I,A,P,I,S,I,I,E,Y,R,I,T,G,I,V,K,R,L,Q,V,S,D,A,I,M,S,T,S,I,A,N,I,G,V,R,D,G,P,P,K,Y,R,V,0
V,S,F,V,R,F,A,D,Q,E,L,G,L,S,R,N,I,E,T,R,A,Q,R,E,E,S,D,A,M,A,S,L,T,L,M,D,F,K,V,A,S,C,I,K,T,I,R,V,L,E,G,L,L,N,D,T,V,V,T,I,R,S,S,D,R,P,P,N,K,T,I,1
V,S,F,V,R,F,A,D,Q,E,M,G,L,S,R,S,I,E,T,R,A,Q,R,E,E,S,D,A,M,A,S,L,T,L,M,D,F,K,V,A,S,C,I,R,N,I,R,I,L,E,G,L,L,T,D,T,V,V,T,L,G,S,S,N,R,P,S,K,?,?,?,0
V,S,F,V,R,F,A,D,Q,E,L,G,L,S,R,S,I,E,T,R,A,Q,R,E,E,S,D,A,M,A,S,L,T,L,M,D,F,K,A,A,S,C,I,R,N,I,R,I,L,E,G,L,L,T,D,A,V,V,T,L,R,S,S,N,R,P,P,K,K,T,I,1
V,S,F,V,R,F,A,D,Q,E,L,G,L,S,R,S,I,E,T,R,A,Q,R,E,E,S,D,A,M,A,S,L,T,L,M,D,F,K,V,V,S,C,I,R,N,I,R,I,L,E,G,L,L,T,D,T,V,V,T,L,K,S,S,N,R,P,P,K,K,T,I,0
V,S,F,V,R,F,A,D,Q,E,L,G,L,S,R,N,I,E,T,R,A,Q,R,E,E,S,D,A,M,A,S,L,T,L,M,D,F,K,V,A,S,C,I,K,T,I,R,I,L,E,G,L,L,T,G,T,V,V,T,I,R,S,S,D,R,L,P,N,K,T,I,1
V,S,F,V,R,F,A,D,Q,E,M,G,L,S,R,S,I,E,T,R,A,Q,R,E,E,S,D,A,M,A,S,L,T,L,M,D,F,K,V,A,S,C,I,R,N,I,R,I,L,E,G,L,L,T,D,T,V,V,T,L,G,S,S,N,R,P,S,K,?,?,?,0
V,S,F,V,R,F,A,D,Q,E,L,G,L,S,R,N,I,E,T,R,A,Q,R,E,E,S,D,A,M,A,S,L,T,L,M,D,F,K,V,T,S,C,I,K,T,I,R,I,L,E,G,L,L,T,N,T,V,V,I,I,R,S,I,D,R,L,P,D,K,T,I,1
V,S,F,V,R,F,A,D,Q,E,L,G,L,S,R,S,I,E,T,R,A,Q,R,E,E,S,D,A,M,A,S,L,T,L,M,D,F,K,V,A,S,C,I,R,N,I,R,I,L,E,G,L,L,T,D,T,V,V,T,L,R,S,S,N,R,P,P,K,K,T,I,0
V,S,F,V,R,F,A,D,Q,E,L,G,L,S,R,N,I,E,T,R,A,Q,R,E,E,S,D,A,M,V,S,L,T,L,M,D,F,K,V,A,S,C,I,K,T,A,R,I,L,G,G,L,L,T,G,T,V,V,T,I,R,S,S,D,R,L,P,N,K,T,I,1
V,S,F,V,R,F,A,D,Q,E,L,G,L,S,R,S,I,E,T,R,A,Q,R,E,E,S,D,A,M,A,S,L,T,L,M,D,F,K,V,A,S,C,I,R,N,I,R,I,L,E,G,L,L,T,D,T,V,V,T,L,?,?,?,?,?,?,?,?,?,?,?,0
V,S,F,V,R,F,A,D,Q,E,L,G,L,S,R,N,I,E,T,R,A,Q,R,E,E,S,D,A,T,A,S,L,T,P,M,D,F,K,V,A,S,C,I,K,T,I,R,I,L,E,G,L,L,T,G,T,V,V,T,I,R,S,S,D,R,L,P,N,K,T,I,1
I,T,Y,I,L,L,S,I,R,D,M,C,D,A,K,S,L,R,V,M,E,K,D,K,S,T,D,N,I,A,P,I,S,I,I,E,Y,R,I,T,G,M,V,K,R,L,Q,V,S,D,A,I,M,S,T,S,I,A,N,I,G,I,R,D,G,P,P,K,Y,R,V,0
V,S,F,V,R,F,A,D,Q,E,L,G,L,S,R,N,I,E,T,R,A,Q,R,E,E,S,D,A,I,V,S,L,T,L,M,D,F,K,V,A,S,C,I,K,P,T,R,I,L,E,G,L,L,T,S,T,V,V,T,I,R,S,S,D,R,L,P,N,K,T,I,1
V,S,F,V,R,F,A,D,Q,E,L,G,L,S,R,S,I,E,T,R,A,Q,R,E,E,S,D,A,M,A,S,L,T,L,M,E,F,K,V,A,S,C,I,R,N,I,R,I,L,E,G,L,L,T,D,T,V,V,N,L,R,S,S,N,R,P,P,K,K,T,I,0
V,S,F,V,R,F,A,D,Q,E,L,G,L,S,R,N,I,G,T,R,A,Q,R,D,E,S,D,A,M,T,S,L,T,L,M,D,F,K,V,V,S,C,I,K,T,I,Q,I,L,E,G,L,L,T,R,T,V,I,T,I,R,S,S,D,R,L,P,N,K,T,I,1
V,S,F,V,R,F,A,D,Q,E,L,G,L,S,R,S,I,E,T,R,A,Q,R,E,E,S,E,A,M,T,S,L,T,L,M,D,F,K,V,A,S,C,I,R,N,I,R,I,L,E,G,L,L,T,D,T,V,V,T,L,R,S,S,N,R,P,S,K,K,T,I,0
V,S,F,V,R,F,A,D,Q,E,L,G,L,S,R,N,I,E,T,R,A,Q,R,D,E,P,D,A,M,T,S,L,T,L,M,D,F,K,V,V,S,C,I,K,T,I,R,I,L,E,G,L,L,T,G,T,V,V,T,V,R,S,S,D,R,L,P,N,K,A,I,1
V,S,F,V,R,F,A,D,Q,E,L,G,L,S,R,S,I,E,T,R,T,Q,R,E,E,S,D,A,M,V,S,L,T,L,M,D,F,K,V,A,S,C,I,R,N,I,R,I,L,E,G,L,L,T,D,T,V,V,T,L,R,S,S,N,R,P,S,K,E,T,I,0
V,S,F,V,R,F,A,D,Q,E,L,G,L,S,R,N,I,E,T,R,A,Q,R,E,E,S,D,A,M,A,S,L,T,L,M,D,F,K,V,A,S,C,I,K,A,I,R,I,L,E,G,L,L,T,G,T,V,V,T,I,R,S,S,D,R,L,P,N,K,T,I,1
I,T,Y,I,L,L,S,M,R,D,M,C,D,A,K,S,L,R,V,M,E,K,D,Q,S,T,D,N,I,A,P,I,S,I,I,E,Y,R,I,T,G,M,V,K,K,L,Q,V,S,D,A,I,M,S,T,S,I,A,N,I,G,I,R,N,G,P,S,K,Y,R,V,0
V,S,F,V,R,L,A,D,Q,E,L,G,L,S,R,N,I,E,T,R,A,Q,R,E,E,S,D,A,M,T,S,L,T,L,M,D,F,K,V,A,S,C,I,K,T,I,R,I,L,E,G,L,L,T,D,T,V,V,T,L,R,S,S,N,R,P,P,K,K,T,I,1
V,S,F,V,R,F,A,D,Q,E,L,G,L,S,R,S,I,E,T,R,A,Q,R,E,E,S,D,A,M,V,S,L,T,L,M,D,F,K,V,A,S,C,I,R,N,I,R,I,L,E,G,L,L,T,D,T,V,V,T,L,R,S,S,N,R,P,S,K,E,T,I,0
V,S,F,V,R,F,A,D,Q,E,L,G,L,S,R,N,I,E,T,R,A,Q,R,D,E,S,D,A,M,T,S,L,T,L,M,D,F,K,V,V,S,C,I,K,T,I,R,I,L,E,G,L,L,T,S,T,V,V,T,I,R,S,S,N,R,L,P,N,K,T,I,1
V,S,F,V,R,F,A,D,Q,E,L,G,L,S,R,S,I,E,T,R,A,Q,R,E,E,S,D,A,M,A,S,L,T,L,M,D,F,K,V,A,S,C,I,K,N,I,R,I,L,E,G,L,L,T,D,T,V,V,T,L,R,S,S,N,R,P,P,K,K,T,I,0
V,L,F,V,R,F,A,D,Q,E,L,G,L,S,R,N,I,E,T,R,A,Q,R,E,E,S,D,A,M,A,S,L,T,L,M,D,F,K,V,A,S,C,I,K,T,I,R,I,L,E,G,L,L,T,G,T,V,V,T,I,R,G,G,D,R,L,P,N,K,T,I,1
I,T,Y,I,L,L,S,M,R,D,M,C,D,A,K,S,L,R,V,M,E,K,D,K,S,T,D,N,I,A,P,V,S,I,I,E,Y,G,I,T,G,V,V,K,R,L,Q,V,S,D,A,F,I,S,T,S,I,A,N,I,G,V,R,D,G,P,S,E,Y,R,V,0
V,S,F,V,R,F,A,D,Q,E,L,G,L,S,R,S,I,E,T,R,A,Q,R,E,E,S,D,A,M,A,S,L,T,L,M,D,F,K,V,T,P,C,I,K,T,I,R,I,L,E,G,L,L,T,N,T,V,V,I,I,R,S,I,D,R,L,P,D,E,T,I,1
V,S,F,V,R,F,A,D,Q,E,L,G,L,S,R,S,I,E,T,R,A,Q,R,E,E,S,D,A,M,A,S,L,T,L,M,D,F,K,V,A,S,C,I,R,N,I,R,I,L,E,G,L,L,T,D,T,V,V,T,L,R,G,S,N,R,P,P,K,K,T,I,0
V,S,F,V,R,F,A,D,Q,E,L,G,L,S,G,N,I,E,T,R,A,Q,R,E,E,S,D,A,M,A,S,L,T,P,M,D,F,K,V,A,S,C,I,K,T,I,R,I,L,E,G,L,L,T,G,T,V,V,T,I,R,S,I,D,R,L,P,D,K,T,I,1
I,T,Y,I,L,L,S,M,R,D,M,C,D,A,K,S,L,R,V,M,E,K,D,K,S,T,D,N,M,A,P,I,S,I,I,E,Y,R,I,T,G,M,V,K,R,L,Q,V,S,D,A,I,M,S,T,S,I,A,N,I,G,V,R,D,G,P,P,K,Y,R,V,0
V,S,F,V,R,F,A,D,Q,E,L,G,L,S,R,N,I,E,T,R,A,Q,R,E,E,S,D,A,M,T,S,L,T,L,M,D,F,K,A,A,S,C,I,K,T,I,R,I,L,E,G,L,L,T,G,T,V,V,T,I,R,S,S,D,R,L,P,N,K,T,I,1
I,T,Y,I,L,L,S,M,R,D,M,C,D,A,K,S,L,R,A,I,E,K,D,K,S,T,D,I,I,A,P,I,S,I,I,E,Y,K,I,T,G,I,I,K,R,L,Q,V,S,D,A,F,M,S,T,S,I,A,N,I,G,V,R,D,G,P,S,K,Y,R,V,0
V,S,F,V,R,F,A,D,Q,E,L,G,L,S,R,N,I,E,T,R,A,Q,R,E,E,S,D,A,M,V,S,L,T,L,M,D,F,K,V,A,S,C,I,K,T,T,R,I,L,G,G,L,L,T,G,T,V,V,T,I,G,S,S,D,R,L,P,N,K,T,I,1
I,T,Y,I,L,L,S,M,R,D,M,C,D,A,K,S,L,R,V,M,E,K,D,K,S,T,D,N,I,V,P,F,T,A,K,E,Y,R,I,T,G,I,V,K,R,L,Q,V,S,D,A,F,M,S,T,S,I,A,N,I,G,V,R,D,G,P,S,K,Y,R,V,0
V,S,F,V,R,F,A,D,Q,E,L,G,L,S,R,N,I,E,T,R,A,Q,Q,D,E,S,D,A,M,T,S,L,T,L,M,D,F,K,V,V,S,C,I,K,T,I,R,I,L,E,G,L,L,T,S,T,V,V,T,I,R,S,S,D,R,L,P,N,K,T,I,1
V,S,F,V,R,F,A,D,Q,E,L,G,L,S,R,S,I,E,T,R,A,Q,R,K,E,S,D,A,M,A,S,L,T,L,M,D,F,K,V,A,S,C,I,R,N,I,R,I,L,E,G,L,L,T,D,T,V,V,T,L,R,S,S,N,R,P,P,K,K,T,I,0
V,S,F,V,R,F,A,D,Q,E,L,G,L,S,R,N,I,E,T,R,A,Q,R,E,E,S,D,A,M,T,S,L,T,L,M,D,F,K,V,A,S,C,I,K,T,I,R,I,L,E,G,L,L,T,G,T,V,I,T,I,R,S,S,D,R,L,P,N,K,T,I,1
V,S,F,V,R,F,A,D,Q,E,L,G,L,S,R,S,I,E,T,R,A,Q,R,E,E,S,D,A,M,A,S,L,T,L,M,E,F,K,V,A,S,C,I,R,N,I,R,I,L,E,G,L,L,T,D,T,V,V,T,L,R,S,S,N,R,P,P,K,K,T,I,0
V,S,F,V,R,F,A,D,Q,E,L,G,L,S,R,N,I,E,T,R,A,Q,R,E,E,S,D,A,M,V,S,L,T,L,M,D,F,K,V,A,S,C,I,K,T,T,R,I,L,G,G,L,L,T,G,T,V,V,T,I,G,S,S,D,R,L,P,N,K,T,I,1
I,T,Y,I,L,L,S,M,R,D,M,C,D,A,K,S,L,R,V,M,E,K,D,K,S,T,D,N,I,A,P,I,S,I,I,E,Y,R,I,T,G,M,V,K,K,L,Q,V,S,D,A,I,M,S,T,S,I,A,N,I,G,I,R,D,G,P,P,K,Y,R,A,0
V,S,F,V,R,F,A,D,Q,E,L,G,L,S,R,N,I,E,T,R,A,Q,R,E,E,S,D,A,M,A,S,L,T,L,M,D,F,K,V,T,S,C,I,K,T,I,R,I,L,E,G,L,L,T,N,T,V,I,I,I,R,S,I,D,R,L,P,D,K,T,I,1
I,T,Y,I,L,L,S,M,R,D,M,C,D,A,K,S,L,R,V,M,E,K,D,K,S,T,D,N,I,A,P,I,S,I,I,E,Y,R,I,T,G,M,V,K,R,L,Q,V,S,D,A,I,M,S,T,S,I,A,N,I,G,I,R,D,G,P,P,K,?,?,?,0
V,S,F,V,R,F,A,D,Q,E,L,G,L,S,R,N,I,E,T,R,A,Q,R,E,E,S,D,A,M,A,S,L,T,L,M,E,F,K,V,T,S,C,I,K,T,I,R,I,L,E,G,L,L,T,N,T,V,V,I,I,R,S,I,N,R,L,P,D,K,T,I,1
V,S,F,V,R,I,A,D,Q,E,L,G,L,S,R,N,I,E,T,R,A,Q,R,E,E,S,D,A,M,A,S,L,T,L,M,E,F,K,V,A,S,C,I,K,N,I,R,I,L,E,G,L,L,T,D,T,V,V,A,L,R,S,S,N,R,P,S,K,K,T,I,0
V,S,F,V,R,F,A,D,Q,E,L,G,L,S,R,N,I,E,T,R,A,Q,R,E,E,P,D,A,M,A,T,L,T,L,M,D,F,K,V,A,S,C,I,K,T,I,R,I,L,E,G,L,L,T,G,T,V,V,T,I,R,S,S,D,R,L,P,N,K,T,I,1
I,T,Y,I,L,L,S,M,R,D,M,C,D,A,K,S,L,R,V,M,E,K,D,K,S,T,D,N,I,A,P,I,S,I,I,E,Y,R,V,T,G,M,V,K,R,L,Q,V,S,D,A,I,M,S,T,S,I,A,N,I,G,V,R,D,G,P,P,K,Y,R,V,0
V,S,F,V,R,F,A,D,Q,E,L,G,L,S,R,N,I,E,T,R,A,Q,R,E,E,S,D,A,M,A,S,L,T,P,M,D,F,K,V,A,S,C,I,K,T,I,R,I,L,E,G,L,L,T,G,T,V,V,I,I,R,S,S,D,R,L,P,N,K,T,I,1
I,T,Y,I,L,L,S,M,R,D,M,C,D,A,K,S,L,R,V,T,E,K,D,K,S,T,D,N,I,A,P,V,S,I,I,E,Y,R,M,T,G,M,V,K,R,L,Q,V,S,D,A,I,M,S,T,S,I,A,N,I,G,V,R,D,G,P,P,K,Y,R,V,0
V,S,F,V,R,F,A,D,Q,E,L,G,L,S,R,N,I,E,T,R,A,Q,R,E,E,S,D,A,M,T,S,L,T,L,M,D,F,K,V,A,S,C,I,K,T,I,R,I,L,E,G,L,L,T,G,T,V,V,T,I,R,S,S,D,R,L,P,N,K,T,I,1
V,S,F,V,R,F,A,D,Q,E,L,G,L,S,R,S,I,E,T,R,A,Q,R,E,E,S,D,A,M,A,S,L,T,L,M,D,F,K,V,A,S,C,I,R,N,I,R,I,L,E,G,L,L,T,D,T,V,V,T,L,R,S,S,N,R,P,P,K,K,T,I,0
V,S,F,V,R,F,A,D,Q,E,L,G,L,S,R,N,I,E,T,C,A,Q,R,E,E,S,Y,A,M,A,S,L,T,L,M,D,F,K,V,A,S,C,I,K,T,I,R,I,L,E,G,L,L,T,G,T,V,V,T,I,R,S,S,D,R,L,P,N,K,T,I,1
I,T,Y,I,L,L,S,M,R,D,M,C,D,A,K,S,L,R,V,M,E,K,D,K,S,T,D,N,I,A,P,I,S,I,I,E,Y,R,I,T,G,M,V,K,R,L,Q,V,S,D,A,I,M,S,T,S,I,A,N,I,G,V,R,D,G,P,L,K,Y,R,V,0
V,S,F,V,R,F,A,D,Q,E,L,G,L,S,R,N,I,E,T,R,A,Q,R,E,E,S,D,A,M,T,S,L,T,L,M,D,F,K,V,A,S,C,I,K,T,I,R,I,L,E,G,L,L,T,G,T,V,V,T,I,R,S,S,D,R,L,P,N,K,T,I,1
V,S,F,V,R,F,A,D,Q,E,L,G,L,S,R,S,I,K,T,H,A,R,Q,E,E,S,D,A,M,A,S,L,T,L,M,D,L,K,V,A,S,C,I,R,N,I,R,I,L,E,G,L,L,T,D,T,V,V,A,L,R,S,S,N,R,P,P,K,K,T,I,0
V,S,F,V,R,F,A,D,Q,E,L,G,L,S,R,N,I,E,T,R,A,Q,R,E,E,S,D,A,M,T,S,L,T,L,M,D,F,K,V,A,S,C,I,K,T,I,R,I,L,E,G,L,L,T,D,T,V,V,T,I,R,S,S,D,R,L,P,N,K,T,V,1
V,S,F,V,R,F,A,D,Q,E,L,G,L,S,R,S,I,E,T,R,A,Q,R,E,E,S,D,A,M,V,S,L,T,L,M,D,F,K,V,A,S,C,I,R,N,I,R,I,L,E,G,L,L,T,D,T,V,V,T,L,R,S,S,N,R,P,S,K,E,T,I,0
V,L,F,V,R,L,A,D,Q,E,L,G,L,S,R,N,I,E,T,R,A,Q,R,E,E,S,D,A,M,A,S,L,T,L,M,D,F,K,V,A,S,C,I,K,T,I,R,I,L,E,G,L,L,T,G,T,V,V,A,I,R,G,G,D,R,P,P,N,K,T,I,1
V,L,F,V,R,F,A,D,Q,E,M,G,L,S,R,S,I,E,T,R,A,Q,R,E,E,S,D,A,M,A,S,L,T,L,M,D,F,K,V,A,S,C,V,R,N,I,R,I,L,E,G,L,L,T,D,T,V,V,T,L,R,S,C,N,R,P,P,K,K,T,I,0
V,S,F,V,R,F,A,D,Q,E,L,G,L,S,R,N,I,E,T,R,A,Q,R,E,E,S,D,A,M,A,S,L,T,L,M,D,F,K,V,A,S,C,I,K,V,I,R,I,L,E,G,L,L,T,G,T,V,V,T,L,R,S,S,D,R,L,P,N,K,T,I,1
V,S,F,V,R,F,A,D,Q,E,L,G,L,S,R,S,I,K,T,R,E,R,Q,E,G,S,D,T,M,A,S,I,T,L,M,D,L,K,M,A,A,C,I,R,N,I,R,I,L,E,G,L,L,T,D,T,I,V,A,L,R,S,S,N,R,P,P,K,K,T,I,0
V,L,F,V,R,F,A,D,Q,E,L,G,L,S,R,N,I,E,T,R,A,Q,R,E,E,S,D,A,M,A,S,L,T,L,M,D,F,K,V,A,S,C,I,K,T,I,R,I,L,E,G,L,L,T,G,T,V,V,T,I,R,G,S,D,R,L,P,N,K,T,I,1
I,T,Y,I,L,L,S,M,R,D,M,C,D,A,K,S,L,R,V,M,E,K,D,K,S,T,D,N,I,A,P,I,S,I,I,E,Y,R,M,T,G,M,V,K,R,L,Q,V,S,D,A,I,M,S,T,S,I,A,N,I,G,I,R,D,G,P,P,K,Y,R,V,0
V,S,F,V,R,F,A,D,Q,E,L,G,L,S,R,N,I,E,T,R,A,Q,R,D,E,P,D,A,M,T,S,L,T,L,M,D,F,K,V,M,S,C,I,K,T,I,R,I,L,E,G,L,L,T,G,T,V,V,T,I,R,N,S,D,R,L,P,N,K,A,I,1
V,S,F,V,R,F,A,D,Q,E,L,G,L,S,R,S,I,E,T,R,A,Q,R,E,E,S,D,A,M,A,S,L,T,F,M,D,F,K,V,A,S,C,I,R,N,I,R,I,L,E,G,L,L,T,D,T,V,V,T,L,R,S,S,N,R,P,P,K,K,T,I,0
V,S,F,V,R,F,A,D,Q,E,L,G,L,S,R,N,I,E,T,R,A,Q,R,E,E,S,D,A,M,T,S,L,T,L,M,D,F,K,V,A,S,C,I,K,T,I,R,I,L,E,G,L,L,T,G,T,V,V,T,I,R,S,S,D,R,L,P,N,K,T,I,1
I,T,Y,I,L,L,S,M,R,D,M,C,D,A,K,S,L,R,V,I,E,K,D,K,S,P,D,I,I,A,P,I,S,M,I,E,Y,R,I,T,G,I,V,K,R,L,Q,V,S,D,A,F,M,S,A,S,I,A,N,I,G,V,C,D,G,P,S,N,Y,R,V,0
V,S,F,V,R,F,A,D,Q,E,L,S,L,S,R,N,I,E,T,R,A,Q,R,E,E,S,D,A,M,A,S,L,T,L,M,D,F,K,V,A,S,C,I,K,N,I,R,I,L,E,G,L,L,T,G,T,V,V,T,L,R,S,S,D,R,P,P,N,K,T,I,1
V,S,F,V,R,F,A,D,Q,E,L,G,L,S,R,N,I,E,T,R,A,K,R,E,E,S,D,V,M,V,S,L,T,L,M,D,L,K,V,A,S,C,I,R,T,I,R,I,L,E,G,L,L,T,K,T,V,I,T,L,R,I,S,N,G,S,P,K,?,?,?,0
V,S,F,V,R,F,A,D,Q,E,L,G,L,S,R,N,I,E,T,K,A,Q,R,E,E,S,D,A,M,A,S,L,T,L,M,D,F,K,V,A,S,C,I,K,N,I,R,I,L,E,G,L,L,T,D,T,V,V,T,L,R,S,S,D,R,P,P,N,K,T,I,1
I,T,Y,I,L,L,S,M,R,D,M,C,D,A,K,S,L,R,V,M,E,K,D,K,S,T,D,N,I,A,P,I,S,I,I,E,Y,R,I,T,G,M,V,K,R,L,Q,V,S,D,A,I,M,S,T,S,I,A,N,I,G,V,R,D,G,P,P,K,Y,R,V,0
V,L,F,V,R,F,A,D,Q,E,L,G,L,S,R,N,I,E,T,R,A,Q,R,E,K,S,D,A,M,A,S,L,T,L,M,D,F,K,V,A,S,C,I,K,A,I,R,I,L,E,G,L,L,T,G,T,V,V,T,I,R,G,D,D,R,L,P,N,K,T,I,1
I,T,Y,I,L,L,S,M,R,D,M,C,D,A,K,S,L,R,V,M,E,K,D,K,S,T,D,N,I,A,P,I,S,I,I,E,Y,R,I,T,G,M,V,K,R,L,Q,V,S,D,A,I,M,S,T,S,I,A,N,I,G,I,R,D,G,P,P,K,Y,R,V,0
V,S,F,V,R,F,A,D,Q,E,L,G,L,S,R,N,I,E,T,R,A,Q,R,E,E,S,D,A,M,A,S,L,T,L,M,D,F,K,V,T,S,C,I,K,T,I,R,I,L,E,G,L,L,T,N,T,V,V,I,I,R,S,V,D,R,L,T,D,E,T,I,1
V,S,F,V,R,F,A,D,Q,E,L,G,L,S,R,S,I,E,T,R,A,Q,R,E,E,S,D,A,M,A,S,L,T,L,M,D,F,K,V,A,S,C,I,R,N,T,R,I,L,E,G,L,L,T,D,T,V,V,T,L,R,S,S,N,R,P,P,K,K,T,I,0
V,S,F,V,R,F,A,D,Q,E,L,G,L,S,R,S,I,E,T,R,A,Q,R,G,E,S,D,A,M,T,S,L,T,L,M,D,F,K,V,A,S,C,I,K,N,I,R,I,L,E,G,L,L,T,D,T,V,V,T,L,R,S,S,N,R,P,S,K,K,T,I,1
V,S,F,V,R,F,A,D,Q,E,L,G,L,S,K,S,I,K,T,R,A,Q,R,E,K,S,D,A,M,A,S,L,T,L,M,D,F,K,V,T,S,C,I,K,T,I,R,I,L,E,G,L,L,T,S,T,V,V,I,V,R,S,I,D,R,L,P,D,K,T,I,0
V,S,F,V,R,F,A,D,Q,E,L,G,L,S,R,N,I,E,T,R,A,Q,R,E,E,S,D,A,M,A,S,L,T,L,M,N,F,K,V,T,S,C,I,K,T,I,R,I,L,E,G,L,L,T,N,T,V,V,I,I,R,S,I,D,R,L,P,D,K,T,I,1
V,S,F,V,R,F,A,D,Q,E,L,G,L,S,R,S,I,E,T,R,A,Q,R,E,E,S,D,A,M,A,S,L,T,L,M,D,F,K,V,A,S,C,I,R,N,I,R,I,L,E,G,L,L,T,D,T,V,V,N,L,R,S,C,N,R,P,P,K,K,T,I,0
V,L,F,V,R,F,A,D,Q,E,L,G,L,S,R,N,I,E,T,R,A,Q,R,E,E,S,D,A,M,A,S,L,T,L,M,D,F,K,V,A,S,C,T,K,T,I,R,I,L,E,G,L,L,T,G,T,V,V,T,I,R,G,S,N,R,L,P,N,K,T,I,1
I,T,Y,I,L,L,S,M,R,D,M,C,D,A,K,N,L,R,V,M,E,K,D,K,S,T,D,N,I,A,P,I,S,I,I,E,Y,R,I,T,G,M,V,K,R,L,Q,V,S,D,A,I,M,S,T,S,I,A,N,I,G,V,R,D,G,P,P,K,Y,R,V,0
V,S,F,V,R,F,A,D,Q,E,L,G,L,S,R,N,I,E,T,R,A,Q,Q,E,E,S,D,A,M,A,S,L,T,L,M,D,F,K,V,A,S,C,I,K,T,I,R,I,L,E,G,L,L,T,S,T,V,V,T,I,R,S,S,D,R,L,P,N,K,T,I,1
I,T,Y,I,L,L,S,M,R,D,M,C,D,A,K,N,I,R,V,I,E,K,D,K,G,P,D,I,I,A,P,I,S,M,I,E,Y,R,I,T,G,I,V,K,R,L,Q,V,S,D,A,F,M,S,A,S,I,A,N,I,G,V,C,D,G,P,S,N,Y,R,I,0
V,S,F,V,R,F,A,D,Q,E,L,G,L,S,R,N,I,E,T,R,A,Q,R,E,E,S,G,A,M,A,S,L,T,L,M,D,F,K,V,T,S,C,I,K,T,I,R,I,L,E,G,L,L,T,N,T,V,V,I,I,R,S,I,D,R,L,P,D,K,T,I,1
I,T,Y,I,L,L,S,M,R,D,M,C,D,A,K,S,L,R,V,M,E,K,D,K,S,T,D,N,I,A,P,I,S,I,I,E,Y,R,I,T,G,M,V,K,R,L,Q,V,S,D,A,I,M,S,T,S,I,A,N,I,G,I,R,D,G,P,P,K,Y,R,V,0
V,S,F,V,R,F,A,D,Q,E,L,G,L,S,R,N,I,E,T,R,A,Q,R,E,E,S,D,T,M,A,S,L,T,L,M,D,F,K,V,T,S,C,I,K,T,I,R,I,L,E,G,L,L,T,N,T,V,V,I,I,R,S,I,D,R,L,P,D,K,T,I,1
I,T,Y,I,L,L,S,M,R,D,M,C,D,A,K,S,L,R,V,M,E,K,D,K,S,T,D,N,I,A,P,I,S,I,I,E,Y,R,I,T,G,M,V,K,R,L,Q,V,S,D,A,I,M,S,T,S,I,A,N,I,G,I,R,D,G,P,P,K,Y,R,V,0
V,S,F,V,R,F,A,D,Q,E,L,G,L,S,R,N,I,E,T,R,A,Q,R,E,E,S,D,A,M,A,S,L,T,L,M,D,F,K,V,A,S,C,I,K,N,I,R,I,L,E,G,L,L,T,D,T,V,V,A,L,R,S,S,D,R,P,P,N,K,T,I,1
V,S,F,V,R,F,A,D,Q,E,L,G,L,S,R,S,I,E,T,C,A,Q,R,E,E,S,D,S,M,A,S,M,T,L,M,D,F,K,V,A,S,C,I,R,I,I,R,V,L,D,G,L,F,T,D,T,V,V,T,L,R,S,S,N,R,P,P,N,?,?,?,0
I,T,Y,I,L,L,S,M,S,D,M,C,D,A,K,S,L,R,V,M,E,K,D,K,S,T,N,N,I,A,P,V,S,I,M,E,Y,R,I,T,G,M,V,K,R,L,Q,V,S,S,A,I,V,S,T,S,I,A,N,I,G,I,R,D,G,P,S,K,Y,R,V,1
V,S,F,V,R,F,A,D,Q,E,L,G,L,S,R,S,I,E,T,R,A,Q,R,E,E,S,D,A,M,A,S,L,T,L,M,D,F,K,V,A,S,C,I,R,N,I,R,I,L,E,G,L,L,T,D,T,V,V,T,I,R,S,S,N,R,P,P,K,K,T,I,0
V,S,F,V,R,F,A,D,Q,E,L,G,L,S,K,S,I,E,T,R,A,Q,R,E,E,S,D,A,M,A,S,L,T,L,M,D,F,K,V,T,S,C,I,K,I,I,R,I,L,E,G,L,L,T,N,T,V,V,I,I,R,S,I,D,R,L,P,D,K,T,I,1
V,S,F,V,R,F,A,D,Q,E,L,G,L,S,R,S,I,E,I,R,A,Q,R,E,E,S,D,A,M,A,S,L,T,L,M,D,F,K,V,A,S,C,I,R,N,I,R,I,L,E,G,L,L,T,D,T,V,V,T,L,R,S,S,N,R,P,P,K,K,T,I,0
V,S,F,V,R,F,A,D,Q,E,L,G,L,S,R,N,I,E,T,R,A,Q,R,E,E,S,D,A,M,T,S,L,T,L,M,D,F,K,V,A,S,C,I,K,T,?,R,T,L,E,G,L,L,T,G,T,V,V,T,I,R,S,S,D,R,L,P,N,K,T,I,1
I,T,Y,I,L,L,S,M,R,D,M,C,D,A,K,S,L,R,V,M,E,K,D,K,S,T,D,N,I,A,P,I,S,I,I,E,Y,R,I,T,G,M,V,K,R,L,Q,V,S,D,A,I,M,S,T,S,I,A,N,I,G,I,R,D,G,P,P,K,Y,R,I,0
I,T,Y,I,L,L,S,M,R,D,M,C,D,A,K,N,L,R,V,M,E,K,D,K,S,T,N,N,I,A,P,I,S,I,M,E,Y,R,T,T,G,M,V,K,R,L,Q,V,S,S,A,I,I,S,T,S,I,A,N,I,G,I,R,D,G,P,S,K,Y,R,V,1
I,T,Y,I,L,L,S,M,R,D,M,C,D,A,K,S,L,R,V,M,E,K,D,K,S,T,D,N,I,A,P,I,S,I,I,E,Y,R,I,T,G,M,V,K,R,L,Q,V,S,D,A,I,M,S,T,S,I,A,N,I,G,V,R,D,G,P,P,K,Y,R,V,0
V,S,F,V,R,F,A,D,Q,E,L,G,L,S,R,N,I,E,T,R,A,Q,R,E,E,S,D,A,M,A,S,L,T,L,M,D,F,K,V,A,S,C,I,K,I,I,Q,I,L,E,G,L,L,T,G,T,V,V,T,I,R,S,S,D,R,L,P,N,K,T,I,1
V,S,F,V,R,F,A,D,Q,E,L,G,L,S,R,S,I,E,T,R,A,Q,R,E,E,S,D,A,M,A,S,L,T,L,M,D,F,K,V,A,S,C,I,R,T,I,R,I,L,E,G,L,L,T,D,T,V,V,T,L,R,S,S,N,R,P,P,K,K,T,I,0
V,S,F,V,R,F,A,D,Q,E,L,G,L,S,R,N,I,E,T,R,V,Q,R,D,E,S,D,A,M,T,S,L,T,I,M,D,F,K,V,V,S,C,I,K,T,I,R,I,L,E,G,L,L,T,S,T,V,I,T,I,R,S,S,D,R,L,P,H,K,T,I,1
I,T,Y,I,L,L,S,M,R,D,M,C,N,A,K,S,L,R,V,M,E,K,D,K,S,T,D,N,I,A,P,I,S,I,I,E,Y,R,I,T,G,M,V,K,K,L,Q,V,S,D,A,I,M,S,T,S,I,A,N,I,G,I,R,D,G,P,P,K,Y,R,V,0
V,S,F,V,R,F,A,D,Q,E,L,G,L,S,R,S,I,E,T,R,A,Q,R,E,K,S,D,A,M,A,L,L,T,L,M,D,F,K,V,A,S,C,I,R,T,I,R,I,L,E,G,L,L,T,D,T,V,V,T,L,R,S,N,N,R,P,S,K,K,T,T,1
P,T,Y,I,L,L,S,M,R,D,M,C,D,A,K,N,L,R,A,M,E,R,D,K,S,T,N,N,I,V,P,I,S,I,I,E,Y,R,I,T,G,M,V,K,R,L,Q,V,S,D,A,I,M,T,T,S,I,A,N,I,G,I,H,D,G,P,P,K,Y,R,V,0
V,S,F,V,R,F,A,D,Q,E,L,G,L,S,R,N,I,E,T,R,A,Q,R,E,E,S,D,A,M,A,S,L,T,L,M,D,F,K,V,T,S,C,I,K,I,I,R,I,L,E,G,L,L,T,N,T,V,V,I,I,R,S,I,D,R,L,P,D,K,T,I,1
V,S,F,V,R,F,A,D,Q,E,L,G,L,S,R,S,I,E,T,R,T,Q,R,E,E,S,D,A,M,A,S,L,T,L,M,D,F,K,V,A,S,C,I,R,N,I,R,I,L,E,G,L,L,T,D,T,V,V,T,L,R,S,C,N,R,P,P,K,K,T,I,0
V,S,F,V,R,F,A,D,Q,E,L,G,L,S,R,N,I,E,T,R,A,Q,R,D,E,S,D,A,M,T,L,L,T,L,M,D,F,K,V,V,S,C,I,K,T,I,R,I,L,E,G,L,L,T,S,T,V,V,T,I,R,S,S,D,R,L,P,N,K,T,I,1
V,S,F,V,R,F,A,D,Q,E,L,G,L,S,R,S,I,E,T,R,A,Q,R,E,E,S,D,A,M,A,S,L,T,L,M,D,F,K,V,A,S,C,I,R,N,I,R,I,L,E,G,L,L,T,D,T,V,V,T,L,R,S,S,N,R,P,P,K,K,T,I,0
V,S,F,V,R,F,A,D,Q,E,L,G,L,S,R,N,I,E,T,R,V,Q,R,D,E,F,D,A,M,T,S,L,T,L,M,D,F,K,V,V,S,C,I,K,T,I,R,I,L,E,G,L,L,T,S,T,V,I,T,I,R,S,S,D,R,L,P,H,K,T,I,1
V,S,F,V,R,F,A,D,Q,E,L,G,L,S,R,S,I,E,T,R,A,Q,R,E,E,S,D,A,M,A,S,L,T,L,M,D,F,K,V,A,S,C,I,R,N,I,R,I,L,E,G,L,L,T,D,T,V,V,T,L,R,S,C,N,R,P,P,K,K,T,V,0
V,S,F,V,R,F,A,D,Q,E,L,G,L,S,R,N,I,E,T,R,A,Q,R,E,E,S,D,A,M,T,S,L,T,L,M,D,F,K,V,A,S,C,I,K,T,I,R,I,L,E,G,L,L,T,G,T,V,V,T,I,R,S,S,D,R,L,P,N,K,T,I,1
V,S,F,V,R,F,A,D,Q,E,L,G,L,S,R,S,I,E,T,R,A,Q,R,E,E,S,D,A,M,A,S,L,T,L,M,D,F,K,V,A,S,C,I,R,N,I,R,I,L,E,G,L,L,T,D,T,V,V,T,L,R,S,S,N,R,P,L,K,K,T,I,0
V,S,F,V,R,F,A,D,Q,E,L,G,L,S,R,S,I,R,T,R,E,H,R,E,E,S,D,A,M,A,P,L,T,L,M,D,L,K,V,T,S,C,I,R,D,I,R,I,L,E,G,L,L,T,E,T,V,V,T,L,R,S,S,D,R,S,L,K,K,T,I,1
V,S,F,V,R,F,A,D,Q,E,L,G,L,S,R,S,I,E,T,R,A,Q,K,E,E,S,E,A,M,T,S,L,T,L,M,D,F,K,V,A,S,C,I,R,N,I,R,I,L,E,G,L,L,T,D,T,V,V,T,L,R,S,S,N,R,P,S,K,K,T,I,0
V,S,F,V,R,L,A,D,Q,E,L,G,L,S,R,N,I,E,T,R,A,Q,R,E,E,S,D,A,M,A,S,L,T,L,M,D,F,K,V,A,S,C,I,K,T,I,R,I,L,E,G,L,L,T,G,T,V,V,T,I,R,S,S,D,R,L,P,S,K,T,I,1
V,S,F,V,R,F,A,D,Q,E,L,G,L,S,R,S,I,E,T,R,A,Q,R,E,E,S,D,A,M,A,S,L,T,L,M,D,F,K,V,A,S,C,I,R,N,I,R,I,L,E,G,L,L,T,D,T,V,V,T,L,R,S,S,N,R,P,P,K,K,T,I,0
V,S,F,V,R,F,A,D,R,E,L,G,L,S,R,N,I,E,T,R,A,Q,R,E,E,S,D,A,M,A,S,L,T,L,M,D,F,K,V,A,S,C,I,K,V,I,R,I,L,E,G,L,L,T,G,T,V,V,T,L,R,S,S,D,R,L,S,N,K,T,I,1
I,T,Y,I,L,L,S,M,R,D,M,C,D,A,R,S,L,R,V,T,E,K,D,K,S,T,D,N,I,A,P,V,S,I,I,E,Y,R,M,T,G,M,V,K,R,L,Q,V,S,D,A,I,M,S,T,S,I,A,N,I,G,V,R,D,G,P,P,K,Y,R,V,0
V,S,F,V,R,F,A,D,Q,E,L,G,L,S,R,N,I,E,T,R,A,Q,R,E,E,S,D,A,V,A,S,L,T,L,M,D,F,K,V,A,S,C,I,K,T,I,R,I,L,E,G,L,L,T,G,T,V,V,T,I,R,S,S,D,R,L,P,N,K,T,I,1
V,S,F,V,R,F,A,D,Q,E,L,G,L,S,R,S,I,E,T,R,A,Q,R,E,E,S,D,A,M,A,S,L,T,L,M,D,F,K,V,A,S,C,I,R,N,I,R,I,L,E,G,L,L,T,D,T,V,V,T,L,R,G,S,N,R,P,P,K,K,T,I,0
V,L,F,V,R,F,A,D,Q,E,L,G,L,S,R,N,I,E,T,R,A,Q,R,E,E,S,D,A,M,A,S,L,T,L,M,D,F,K,G,A,S,C,I,K,T,I,R,I,L,E,G,L,L,T,G,T,V,V,T,I,R,G,G,D,R,L,P,N,K,T,I,1
V,S,F,V,R,F,A,D,Q,E,L,G,L,S,R,S,I,E,T,H,A,Q,R,E,E,S,D,A,M,A,S,L,T,L,M,D,F,K,V,A,S,C,I,R,N,I,R,I,L,E,G,L,L,T,D,T,V,V,T,L,R,S,C,N,R,P,P,K,K,T,I,0
V,S,F,I,R,F,A,D,Q,E,L,G,L,S,R,N,I,E,T,R,A,Q,R,D,E,S,D,A,M,T,S,L,T,L,M,D,F,K,V,V,S,C,I,K,T,I,R,I,L,E,G,L,L,T,S,T,V,V,T,I,R,S,S,D,R,L,P,N,K,T,I,1
V,S,F,V,R,F,A,D,Q,E,L,G,L,S,R,S,I,E,T,R,A,Q,R,E,E,S,D,A,M,A,S,L,T,L,M,E,F,K,V,A,T,C,I,R,N,I,R,I,L,D,G,L,L,T,D,T,V,V,T,L,R,S,S,N,R,P,P,K,K,T,I,0
V,S,F,V,Q,F,A,D,Q,E,L,G,L,S,R,N,I,E,T,R,A,Q,R,E,E,S,D,A,M,A,S,L,T,L,M,D,F,K,V,A,S,G,I,K,T,I,R,I,L,E,G,L,L,T,G,T,V,V,T,I,R,N,S,D,R,L,P,N,K,T,I,1
I,T,Y,I,L,L,S,M,R,D,M,C,D,A,K,S,L,R,V,M,E,K,D,K,S,T,D,N,I,A,P,I,S,I,I,E,Y,R,I,T,G,M,V,K,R,L,Q,V,S,D,A,I,M,S,T,S,I,A,N,I,G,V,R,D,G,P,P,K,Y,R,V,0
V,S,F,V,R,F,A,D,Q,E,L,G,L,S,R,N,I,E,T,R,A,Q,R,E,E,S,D,A,M,T,S,L,T,L,M,D,F,K,V,A,S,C,I,K,T,I,R,I,L,E,G,L,L,T,G,T,V,V,T,I,R,S,S,D,R,L,P,N,K,T,T,1
I,T,Y,I,L,L,S,M,R,D,M,C,D,A,K,S,L,R,V,M,E,K,D,K,S,T,D,N,I,A,P,I,S,I,I,E,Y,R,I,T,G,M,V,K,R,L,Q,V,S,D,A,I,M,S,T,S,I,A,N,I,G,I,R,D,G,P,P,K,Y,R,V,0
V,S,F,V,R,F,A,D,Q,E,L,G,L,S,R,S,I,E,T,R,A,Q,R,E,E,S,D,A,M,A,S,L,T,L,M,D,F,K,V,T,S,C,I,K,T,I,R,I,L,E,G,L,L,T,N,T,V,V,I,I,R,S,I,D,R,L,P,D,K,T,I,1
I,T,Y,I,L,L,S,M,R,D,M,C,D,A,K,S,L,R,V,M,E,K,D,K,S,T,D,N,I,A,P,I,S,I,I,E,Y,R,I,T,G,M,V,K,R,L,Q,V,S,D,A,I,M,S,T,S,I,A,N,I,G,I,R,D,G,P,P,K,H,R,V,0
V,S,F,V,R,F,A,D,Q,E,L,G,L,S,R,N,I,E,T,R,A,Q,R,E,E,S,D,A,M,T,S,L,T,L,M,D,F,K,V,A,S,C,I,K,T,I,R,I,L,E,G,L,L,T,G,T,V,V,T,I,R,S,S,D,R,L,P,N,K,T,V,1
V,S,F,V,R,F,A,D,Q,E,M,G,L,S,R,S,I,E,T,R,A,Q,R,E,E,S,D,A,M,A,S,L,T,L,M,D,F,K,V,A,S,C,I,R,N,I,R,I,L,E,G,L,L,T,D,T,V,V,T,L,R,S,S,N,R,P,P,K,K,T,I,0
V,S,F,V,R,F,A,D,Q,E,L,G,L,S,R,N,I,E,T,R,A,Q,R,E,E,S,D,A,M,A,S,L,T,L,M,D,F,K,V,A,S,C,I,K,T,I,R,I,L,E,G,L,L,T,D,T,V,V,T,I,R,S,S,D,R,L,P,N,K,T,I,1
V,S,F,V,Q,F,A,D,Q,E,L,G,L,S,R,S,I,E,T,R,A,Q,R,E,E,S,D,A,M,A,S,L,T,L,M,D,F,K,V,A,S,C,I,R,N,I,R,I,L,E,G,L,L,T,D,T,V,V,T,L,R,S,S,N,R,P,P,K,K,T,I,0
V,S,F,V,R,F,A,D,Q,E,L,G,L,S,R,N,I,E,T,R,A,Q,R,E,E,S,D,A,M,T,S,L,T,L,M,D,F,K,V,A,S,C,I,K,T,I,R,I,L,E,G,L,L,T,G,T,V,V,T,I,R,S,S,D,R,L,P,N,K,T,I,1
V,S,F,V,R,F,A,D,Q,E,L,G,L,S,R,S,I,E,T,R,V,Q,R,E,E,S,D,A,M,A,S,L,T,L,M,D,F,K,V,A,S,C,I,R,N,I,R,I,L,E,G,L,L,T,D,T,V,V,T,L,R,S,S,N,R,P,P,K,K,T,I,0
V,S,F,V,R,F,A,D,Q,E,L,G,L,S,R,N,I,E,T,C,A,Q,R,E,E,S,D,A,M,V,S,L,T,L,M,D,F,K,V,A,S,C,I,K,A,T,R,I,L,E,G,L,L,T,G,T,V,V,T,I,G,S,S,D,R,P,P,N,K,T,I,1
I,T,Y,I,L,L,S,M,R,D,M,C,D,A,K,S,L,R,V,M,E,K,D,K,S,T,D,N,I,A,P,I,S,I,I,E,Y,R,I,T,G,M,V,K,K,L,Q,V,S,D,A,I,I,S,T,S,I,A,N,I,G,I,R,D,G,P,P,K,Y,R,V,0
V,S,F,V,R,F,A,D,Q,E,L,G,L,S,R,S,I,E,T,R,A,Q,R,E,E,S,D,A,M,S,S,L,T,L,M,D,F,K,V,T,S,C,I,K,T,I,R,I,L,E,G,L,L,T,N,T,V,V,I,I,R,S,I,D,R,L,P,D,K,T,I,1
I,T,Y,I,L,L,G,M,R,D,M,C,D,A,K,S,L,R,V,M,E,K,D,K,S,T,D,N,I,A,P,I,S,I,I,E,Y,R,I,T,G,I,V,K,R,L,Q,V,S,D,A,F,M,S,T,S,I,A,N,I,G,V,R,D,G,P,S,K,C,R,V,0
V,S,F,V,R,F,A,D,Q,E,L,G,L,S,R,N,I,E,T,R,A,Q,R,E,E,S,D,A,M,V,S,L,T,L,M,D,F,K,V,A,S,C,I,K,T,T,R,I,L,G,G,L,L,T,G,T,V,V,T,I,G,S,S,D,R,L,P,N,K,T,I,1
V,S,F,V,R,F,A,D,Q,E,L,G,L,S,R,S,I,E,T,R,A,Q,R,E,E,S,D,A,M,A,S,L,T,L,M,D,F,K,V,A,S,C,I,R,N,I,R,I,L,E,G,L,L,T,D,T,V,I,T,L,R,S,S,N,R,P,S,K,K,T,I,0
V,S,F,V,R,F,A,D,Q,E,L,G,L,S,R,S,I,R,A,R,E,H,R,E,E,S,D,A,M,A,P,L,T,L,M,D,L,K,V,T,S,C,I,R,D,I,R,I,L,E,G,L,L,T,E,T,V,V,T,L,R,S,S,D,R,S,L,K,K,T,I,1
I,T,Y,I,L,L,S,M,R,D,M,C,D,A,K,S,L,R,V,M,E,K,D,K,S,T,D,N,I,A,P,I,S,I,I,E,Y,R,I,T,G,M,V,K,R,L,Q,V,S,D,A,I,M,S,T,S,I,A,N,I,G,V,R,D,G,P,P,K,Y,R,V,0
V,S,F,V,R,F,A,D,Q,E,L,G,L,S,R,N,I,E,T,R,A,Q,R,E,E,S,D,A,V,A,S,L,T,L,M,D,F,K,V,T,S,C,I,K,T,I,R,I,L,E,G,L,L,T,N,T,V,V,I,I,R,S,V,D,R,L,P,D,K,T,I,1
I,T,Y,I,L,L,S,T,R,D,M,C,D,A,K,S,L,R,V,M,E,K,D,K,S,T,D,N,I,A,P,I,S,I,I,E,Y,R,I,T,G,M,V,K,R,L,Q,V,S,D,A,I,M,S,T,S,I,A,N,I,G,V,C,D,G,P,P,K,Y,R,V,0
V,S,F,V,R,F,A,D,Q,E,L,G,L,S,R,N,I,E,T,R,A,Q,R,E,E,S,D,A,M,A,S,L,T,L,M,D,F,K,V,T,S,C,I,K,T,I,R,I,L,E,G,L,L,T,N,T,V,V,I,I,R,S,I,D,G,L,P,D,K,T,I,1
I,T,Y,I,L,L,S,M,R,D,M,C,D,A,K,S,L,R,A,I,E,K,D,K,S,T,D,I,I,A,P,I,S,I,I,E,Y,R,I,T,G,I,V,K,R,L,Q,V,S,D,A,F,M,S,T,S,I,A,N,I,G,V,R,D,G,P,S,K,Y,R,I,0
V,S,F,V,R,F,A,D,Q,E,L,G,L,S,R,N,I,E,T,R,A,Q,R,E,E,S,D,A,M,A,S,L,T,L,M,D,F,K,V,E,S,S,I,K,N,I,R,I,L,E,G,L,L,T,D,T,V,V,A,L,R,S,S,D,R,P,P,N,K,T,I,1
I,T,Y,I,L,L,S,M,R,D,M,C,D,A,K,S,L,R,V,M,E,K,D,K,S,T,D,N,I,A,P,I,S,I,I,E,Y,R,I,T,G,M,V,K,R,L,Q,V,S,D,A,I,M,S,T,S,I,A,N,I,G,I,R,D,G,P,P,K,Y,R,V,0
V,S,F,V,R,F,A,D,Q,E,L,G,L,S,R,N,I,E,T,R,A,Q,R,E,E,S,D,A,M,T,S,L,T,L,M,D,F,K,V,A,S,C,I,K,T,I,R,I,L,E,G,L,L,T,G,T,V,V,T,I,R,S,S,D,R,L,P,N,K,T,T,1
V,S,F,V,R,F,A,D,Q,E,L,G,L,S,R,S,I,E,T,S,A,R,R,E,E,S,N,A,M,V,S,L,T,L,M,D,F,K,V,A,S,C,I,R,K,I,R,I,L,E,G,L,L,T,D,T,V,V,A,L,K,G,S,N,R,P,P,K,?,?,?,0
V,S,F,V,R,F,A,D,Q,E,L,G,L,S,R,N,I,E,T,R,A,Q,R,E,E,S,D,A,M,T,S,L,T,L,M,D,F,K,V,A,S,C,I,K,T,I,R,I,L,E,G,L,L,T,G,T,V,V,T,I,R,S,S,D,R,L,P,N,K,T,I,1
V,S,F,V,R,F,A,D,Q,E,L,G,L,S,R,S,I,E,T,R,A,Q,R,E,E,S,D,A,M,A,S,L,T,L,M,D,F,K,V,A,S,C,I,R,N,I,R,I,L,E,G,L,L,T,D,T,V,V,T,L,R,S,S,N,R,P,P,K,K,T,I,0
V,S,F,V,R,F,A,D,Q,E,L,G,L,S,R,N,I,E,T,R,A,Q,R,E,E,T,D,A,M,T,S,L,T,L,M,D,F,K,V,A,S,C,I,K,T,I,R,I,L,E,G,L,L,T,G,T,V,V,T,I,R,S,S,D,R,L,P,N,K,T,I,1
V,L,F,V,R,F,A,D,Q,E,M,G,L,S,R,S,I,E,T,R,A,Q,R,E,E,S,D,A,M,A,S,L,T,L,M,D,F,K,V,A,S,C,V,R,N,I,R,I,L,E,G,L,L,T,D,T,V,V,T,L,R,S,C,N,R,P,P,K,K,T,I,0
V,S,F,V,R,F,A,D,Q,E,L,G,L,S,R,S,I,R,T,R,E,H,R,E,E,S,D,A,M,A,P,L,T,L,M,D,L,K,V,T,S,C,I,R,D,I,R,I,L,E,G,L,L,T,E,T,V,V,T,L,R,S,S,D,R,S,L,K,K,T,I,1
V,S,F,V,R,F,A,D,Q,E,L,G,L,S,R,S,I,E,T,S,A,Q,R,E,E,S,G,A,M,I,S,L,T,L,M,D,F,K,V,A,S,C,I,R,K,I,R,I,L,E,G,L,L,T,D,T,V,V,A,L,K,G,S,N,R,P,P,K,?,?,?,0
V,S,F,V,R,F,A,D,Q,E,L,G,L,S,R,N,I,E,T,R,A,Q,R,E,E,S,D,A,M,A,S,L,T,L,M,D,F,K,V,T,S,C,I,K,T,I,R,I,L,E,G,L,L,T,N,T,V,V,I,I,R,S,I,G,R,L,P,D,K,T,I,1
I,T,Y,I,L,L,S,M,R,D,M,C,D,A,K,S,L,R,V,M,E,K,D,K,S,T,D,N,I,A,P,I,S,I,I,E,Y,R,I,T,G,M,V,K,R,L,Q,V,S,D,A,I,M,S,T,S,I,A,N,I,G,I,R,N,G,P,P,K,Y,R,V,0
V,L,F,V,R,F,A,D,Q,E,M,G,L,S,R,N,I,E,T,R,A,Q,R,E,E,S,G,T,M,A,S,L,T,L,M,D,S,K,V,A,S,C,I,K,T,I,R,I,L,E,G,L,L,T,G,T,V,V,I,I,R,G,S,D,R,L,P,N,K,T,I,1
I,T,Y,I,L,L,S,M,R,D,M,C,D,A,K,S,L,R,V,M,K,K,D,K,S,T,D,N,I,A,P,I,S,I,I,E,Y,R,I,T,G,M,V,K,R,L,Q,V,S,D,A,I,M,S,T,S,I,A,N,I,G,V,R,D,G,P,P,K,Y,R,V,0
V,S,F,V,R,F,A,D,Q,E,L,G,L,S,R,N,I,E,T,R,A,Q,R,E,E,S,D,A,M,T,S,L,T,L,M,D,F,K,V,A,S,C,I,K,T,I,R,I,L,D,G,L,L,T,G,T,V,V,T,I,R,S,S,D,R,L,L,N,K,T,I,1
V,S,F,V,R,F,A,D,Q,E,L,G,L,S,R,S,I,E,T,R,A,Q,R,E,E,S,D,A,M,A,S,L,T,L,M,D,F,K,V,A,S,C,I,R,N,I,R,I,L,E,G,L,L,T,D,T,V,V,T,L,R,S,S,N,R,P,P,K,K,T,I,0
V,S,F,V,R,F,A,D,Q,E,L,G,L,S,R,N,I,E,T,R,A,Q,R,E,E,S,D,A,M,A,S,L,T,L,M,D,F,K,V,T,S,C,I,K,T,I,R,I,L,E,G,L,L,T,N,T,V,V,I,I,R,S,I,G,R,L,P,D,K,T,I,1
I,T,Y,I,L,L,S,M,R,D,M,C,D,A,K,S,L,R,V,M,E,K,D,K,S,T,D,N,I,A,P,I,S,I,I,E,Y,K,I,T,G,M,V,K,R,L,Q,V,S,D,A,I,M,S,T,S,I,A,N,I,G,V,R,D,G,P,P,K,Y,R,V,0
V,S,F,V,R,F,A,D,Q,E,L,G,L,S,R,N,I,E,T,R,A,Q,R,E,E,S,D,A,M,T,S,L,T,L,M,D,F,K,V,A,S,C,I,K,T,I,R,I,L,E,G,L,L,T,G,T,V,V,T,I,R,S,S,D,R,L,P,N,K,T,V,1
V,S,F,V,R,F,A,D,Q,E,L,G,L,S,R,S,I,E,T,R,A,Q,R,E,E,S,D,A,M,A,S,L,T,L,M,D,F,K,L,A,S,C,V,R,N,I,R,I,L,E,G,L,L,T,D,T,V,V,T,L,R,S,S,N,R,P,P,K,K,T,I,0
V,S,F,V,R,F,A,D,Q,E,L,G,L,S,K,S,I,K,T,R,A,Q,R,E,K,S,D,A,M,A,S,L,T,L,M,D,F,K,V,T,S,C,I,K,T,I,R,I,L,E,G,L,L,T,S,T,I,V,I,V,R,S,I,D,R,L,P,D,K,T,I,1
V,S,F,V,R,F,A,D,Q,E,L,G,L,S,R,S,I,E,T,R,A,Q,R,E,E,S,D,A,M,A,S,L,T,L,M,D,F,K,V,A,S,C,I,R,N,I,R,I,L,E,G,L,L,T,D,T,V,V,T,L,R,S,S,N,R,P,S,K,K,T,I,0
V,S,F,V,R,F,A,D,Q,E,L,G,L,S,R,N,I,G,T,R,A,Q,R,E,E,S,D,A,M,A,S,L,T,L,M,D,F,K,V,A,S,C,I,K,T,I,R,I,L,E,G,L,L,T,D,T,V,V,T,I,R,S,S,D,R,L,P,N,K,T,I,1
V,S,F,V,R,F,A,D,Q,E,L,G,L,S,R,S,I,E,T,R,A,Q,R,E,E,S,D,A,M,A,S,L,T,L,M,D,F,K,V,A,S,C,I,R,N,I,R,I,L,E,G,L,L,T,D,T,V,V,T,L,R,S,S,N,R,P,P,K,K,T,I,0
V,S,F,V,R,F,A,D,Q,E,L,G,L,S,R,S,I,E,T,R,A,Q,R,E,E,S,D,A,M,A,S,L,T,L,M,D,F,K,V,I,S,C,I,K,T,I,R,I,L,E,G,L,L,T,N,T,V,V,I,I,R,S,I,D,R,L,P,D,K,T,I,1
I,T,Y,I,L,L,S,M,R,D,M,C,D,A,K,S,L,R,V,T,E,K,D,K,S,T,D,N,I,A,P,I,S,I,I,E,Y,R,I,T,G,M,V,K,K,L,Q,V,S,N,A,I,M,S,T,S,I,V,N,I,R,I,R,D,G,P,P,K,Y,R,A,0
V,S,F,V,R,F,A,D,Q,E,L,G,L,S,R,N,I,E,T,R,A,Q,R,E,E,S,D,A,M,T,S,L,T,L,M,D,F,K,V,A,S,C,I,K,T,I,R,I,L,E,G,L,L,T,G,T,V,V,T,I,R,S,S,D,R,L,P,N,K,T,I,1
V,S,F,V,R,F,A,D,Q,E,L,G,L,S,R,S,I,E,T,R,A,Q,R,E,E,S,D,A,M,A,S,L,T,L,M,D,F,K,V,A,S,C,I,K,N,I,R,I,L,E,G,L,L,T,D,T,V,V,T,L,R,S,S,N,R,P,P,K,K,T,I,0
V,S,F,V,R,F,A,D,Q,E,L,G,L,S,R,N,I,E,T,R,A,Q,R,E,E,P,D,A,M,A,S,L,T,L,M,D,F,K,V,T,S,C,I,K,T,I,R,I,L,E,G,L,L,T,N,T,V,V,I,I,R,S,V,D,R,L,T,D,K,T,I,1
I,T,Y,I,L,L,S,M,R,D,M,C,D,A,K,S,L,R,V,M,E,K,D,K,S,T,D,N,I,V,P,I,S,I,I,E,Y,R,I,T,G,I,V,K,R,L,Q,V,S,D,A,F,M,S,T,S,I,A,N,I,G,V,R,D,G,P,S,K,Y,R,V,0
V,S,F,V,R,F,A,D,Q,E,L,G,L,S,R,N,I,E,T,R,A,Q,R,E,E,S,D,A,M,A,S,L,T,L,M,D,F,K,V,T,S,C,I,K,T,I,R,I,L,E,G,L,L,T,N,T,V,I,I,I,R,S,I,D,R,L,P,D,K,T,I,1
V,S,F,V,R,F,A,D,Q,E,L,G,L,S,R,S,I,E,T,R,A,Q,R,E,E,S,D,A,M,A,S,L,T,L,M,D,F,K,V,A,S,C,I,R,N,I,R,I,L,E,G,L,L,T,D,T,V,V,T,L,R,S,S,N,R,P,P,K,K,T,I,0
V,L,F,V,R,F,A,D,Q,E,L,G,L,S,R,N,I,E,T,H,A,Q,R,E,E,S,D,A,M,A,S,L,T,L,M,D,F,K,V,A,S,C,I,K,T,I,Q,I,L,E,G,L,L,T,G,T,L,V,T,I,R,G,S,D,R,L,P,N,K,T,I,1
I,T,Y,I,L,L,S,M,R,D,M,C,D,A,K,S,L,R,V,M,E,K,D,K,S,T,D,N,I,A,P,I,S,I,I,E,Y,R,I,T,G,M,V,K,K,L,Q,V,S,D,A,I,M,S,T,S,I,A,N,I,G,I,R,D,G,P,T,K,Y,R,V,0
V,S,F,V,R,F,A,D,Q,E,L,G,L,S,R,N,I,E,T,R,A,Q,R,E,E,S,D,A,M,A,S,L,T,L,M,D,F,K,V,T,S,C,I,K,T,I,R,I,L,E,G,L,L,T,N,T,V,V,I,I,R,S,I,D,R,L,P,D,K,T,I,1
V,S,F,V,R,F,A,D,Q,E,L,G,L,S,R,S,I,E,T,R,A,Q,R,E,E,S,D,A,M,A,S,L,T,L,M,D,F,K,V,A,S,C,I,R,N,I,R,I,L,E,G,L,L,T,D,T,V,V,T,L,R,S,S,N,R,P,P,K,K,T,I,0
V,L,F,V,R,F,A,D,Q,E,L,G,L,S,R,N,I,E,T,R,A,Q,R,E,E,S,D,A,M,A,S,L,T,L,M,D,F,K,V,A,S,C,I,K,T,I,R,I,L,E,G,L,L,T,G,T,V,V,A,I,R,G,G,D,R,L,P,N,K,T,I,1
T,T,Y,I,L,L,S,M,R,D,M,C,D,A,K,S,L,R,V,I,E,K,D,K,S,P,D,I,I,A,P,I,S,M,I,E,Y,R,I,T,G,V,V,K,R,L,Q,V,S,D,A,F,M,S,A,S,I,A,N,I,G,V,C,D,G,P,S,N,Y,R,V,0
V,S,F,V,R,F,A,D,Q,E,L,G,L,S,R,N,I,E,T,R,A,Q,R,E,E,S,D,A,M,V,S,L,T,L,M,D,F,K,V,A,S,C,I,K,T,A,R,I,L,G,G,L,L,T,G,T,V,V,T,I,R,S,S,D,R,L,P,N,K,T,I,1
I,T,Y,I,L,L,S,M,R,D,M,C,D,A,K,N,L,R,A,M,E,R,D,K,S,T,N,N,I,V,P,I,S,I,I,E,Y,R,I,T,G,M,V,K,R,L,Q,V,S,D,A,I,M,T,T,S,I,A,N,I,G,I,H,D,R,P,P,K,Y,R,A,0
V,S,F,V,R,F,A,D,Q,E,L,G,L,S,R,N,I,E,T,R,A,Q,R,E,E,S,D,A,M,V,S,L,T,L,M,D,F,K,V,A,S,C,I,K,T,T,R,I,L,G,G,L,L,T,G,T,V,V,T,I,G,S,S,D,R,L,P,N,K,T,I,1
I,T,Y,I,L,L,S,M,R,D,M,C,D,A,K,S,L,R,V,M,E,K,D,K,S,T,D,N,I,A,P,I,S,I,I,E,Y,R,I,T,G,M,V,K,R,L,Q,V,S,D,A,I,M,S,T,S,I,A,N,I,G,I,R,D,G,P,P,K,H,R,A,0
V,S,F,V,R,F,A,D,Q,E,L,G,L,S,R,S,I,E,T,R,A,Q,R,E,K,S,D,A,M,A,L,L,T,L,M,D,F,K,V,A,S,C,I,R,T,I,R,I,L,E,G,L,L,T,D,T,V,V,T,L,R,S,S,N,R,P,S,K,K,T,T,1
I,T,Y,I,L,L,S,M,R,D,M,C,D,A,K,S,L,R,V,M,E,K,D,K,S,T,D,N,I,A,P,I,S,I,I,E,Y,R,I,T,G,M,V,K,R,L,Q,V,S,D,A,I,M,S,T,S,I,A,N,I,R,V,R,D,G,P,P,K,Y,R,V,0
V,S,F,V,R,F,A,D,Q,E,L,G,L,S,R,N,I,E,T,R,A,Q,R,E,E,S,D,A,M,A,S,L,T,L,M,D,F,K,V,A,S,C,I,K,T,F,R,I,L,E,G,L,L,T,G,T,V,V,T,I,R,S,S,D,R,L,P,S,K,T,I,1
I,T,Y,I,L,L,S,M,R,D,M,C,D,A,K,S,L,R,V,M,E,K,D,K,S,T,D,N,I,A,P,I,S,I,I,E,Y,R,I,T,G,M,V,K,R,L,Q,V,S,D,A,I,M,S,T,S,I,A,N,I,G,V,R,D,R,P,P,K,Y,R,I,0
V,S,F,V,R,F,A,D,Q,E,L,G,L,S,R,N,I,E,T,R,A,Q,R,E,E,P,D,A,M,A,T,L,T,L,M,D,F,K,V,A,S,C,I,K,T,I,R,I,L,E,G,L,L,T,G,T,V,V,T,I,R,S,S,D,R,L,P,N,K,T,I,1
V,S,F,V,R,F,A,D,Q,E,L,G,L,S,R,S,I,E,T,R,A,Q,R,E,E,S,D,A,M,T,S,I,T,L,M,D,F,K,M,A,S,C,I,R,N,I,R,I,L,E,G,L,L,T,D,T,V,V,T,L,R,S,S,N,R,P,P,K,K,T,I,0
V,S,F,V,R,F,A,D,Q,E,L,G,L,S,R,N,I,E,T,R,A,Q,R,D,E,S,D,A,M,T,S,L,T,L,M,D,F,K,V,V,S,C,I,K,T,V,R,I,L,E,G,L,L,T,S,T,V,V,T,I,R,S,S,D,R,L,P,N,K,T,I,1
V,S,F,V,R,F,A,D,Q,E,L,G,L,S,R,S,I,E,T,R,A,Q,R,E,E,S,D,A,M,A,S,L,T,L,M,D,F,K,V,A,S,C,I,R,N,I,R,I,L,E,G,L,L,T,D,T,V,V,T,L,R,S,S,N,R,P,P,K,K,T,V,0
V,S,F,V,R,F,A,D,Q,E,L,G,L,S,R,N,I,E,T,R,A,Q,R,D,E,S,D,A,M,T,S,L,T,L,M,D,F,K,V,V,S,C,I,K,T,I,R,I,L,E,G,L,L,T,S,T,V,V,T,I,R,S,S,D,R,L,P,N,K,T,I,1
I,T,Y,I,L,L,S,M,R,D,M,C,D,A,K,S,L,R,V,M,E,K,D,K,S,T,D,N,I,A,P,I,S,I,I,E,Y,R,I,T,G,M,V,K,R,L,Q,V,S,D,A,I,M,S,T,S,I,A,N,I,G,I,R,D,G,P,P,K,Y,R,V,0
V,L,F,V,R,F,A,D,Q,E,L,G,L,S,R,N,I,E,T,R,A,Q,R,E,E,S,D,A,M,A,S,L,T,L,M,D,F,K,V,A,S,C,I,K,T,I,R,I,L,E,G,L,L,T,G,T,V,V,T,I,R,G,S,D,R,L,P,N,K,T,I,1
I,T,Y,I,L,L,S,M,R,D,M,C,D,A,K,S,L,R,V,M,E,K,D,K,S,T,D,N,I,A,P,I,N,L,I,D,Y,R,I,T,G,M,V,K,R,L,Q,V,S,D,A,I,M,S,T,S,I,A,N,I,G,I,R,D,G,P,P,K,Y,R,V,0
V,S,F,V,R,F,A,D,Q,E,L,G,L,S,R,N,I,E,T,R,A,Q,R,E,E,S,D,A,M,V,S,L,T,L,M,D,F,K,V,A,S,C,I,K,T,T,R,I,L,G,G,L,L,T,G,T,V,V,T,I,G,S,N,D,R,L,P,N,K,T,I,1
V,S,F,V,R,F,A,D,Q,E,L,G,L,S,R,S,I,E,T,R,A,Q,R,E,E,S,D,A,M,A,S,L,T,L,M,D,F,K,V,A,S,C,I,R,N,I,R,I,L,E,G,L,L,T,D,T,V,V,A,L,R,S,S,N,R,P,P,K,K,T,I,0
V,S,F,V,R,F,A,D,Q,E,L,G,L,S,R,N,I,E,T,R,A,Q,R,E,E,S,D,A,M,A,S,L,T,L,M,D,F,K,V,A,S,S,I,K,N,I,R,I,L,E,G,L,L,T,D,T,V,V,A,L,R,S,S,D,R,P,P,N,K,T,I,1
I,T,Y,I,L,L,S,M,R,D,M,C,D,A,K,S,L,R,A,I,E,K,D,K,S,T,D,I,I,A,P,I,S,I,I,E,Y,K,I,T,G,I,I,K,R,L,Q,V,S,D,A,F,M,S,T,S,I,A,N,I,G,V,R,D,G,P,S,K,Y,R,V,0
V,S,F,V,R,F,A,D,Q,E,M,G,L,S,R,N,I,E,T,R,A,Q,R,E,E,S,D,A,M,A,S,L,T,L,M,D,F,K,V,A,S,C,I,K,T,I,R,I,L,E,G,L,L,T,G,T,V,V,T,I,R,S,S,D,R,L,P,N,K,T,I,1
V,S,F,V,R,F,A,D,Q,E,L,G,L,S,R,S,I,E,T,R,A,Q,R,E,E,S,D,A,M,A,S,L,T,L,M,D,F,K,V,A,S,C,I,R,N,I,R,I,L,E,G,L,L,T,D,T,V,V,T,L,R,S,S,N,R,P,P,K,K,T,I,0
V,S,F,V,R,F,A,D,Q,E,L,G,L,S,R,N,I,E,T,R,A,Q,R,E,E,S,D,A,M,A,S,L,T,L,M,D,F,K,V,A,S,C,I,K,N,I,R,I,L,E,G,L,L,T,E,T,V,V,T,L,R,S,S,D,R,P,P,N,K,T,I,1
I,T,Y,I,L,L,S,M,R,D,M,C,D,A,K,S,L,R,V,M,E,K,D,K,S,T,D,N,I,A,P,I,S,I,I,E,Y,R,I,T,G,M,V,K,R,I,Q,V,S,D,A,I,M,S,T,S,I,A,N,I,G,V,R,D,G,P,P,K,Y,R,V,0
V,S,F,V,R,F,A,D,Q,E,L,G,L,S,R,N,I,E,T,R,A,Q,R,E,E,S,D,A,M,A,S,L,T,L,M,D,F,K,V,A,S,C,I,K,T,I,R,I,L,E,G,L,L,T,D,T,V,V,T,I,R,S,S,D,R,L,P,N,K,T,I,1
V,S,F,V,R,F,A,D,Q,E,L,G,L,S,R,S,I,E,T,R,A,Q,R,E,E,S,D,A,M,A,S,L,T,L,M,D,F,K,V,A,S,C,I,R,N,I,R,I,L,E,G,L,L,T,D,T,V,V,T,L,R,S,S,N,R,P,P,K,K,T,I,0
V,S,F,V,R,F,A,D,Q,E,L,G,L,S,K,S,I,K,T,H,A,Q,R,E,K,S,D,A,M,A,S,L,T,L,M,D,F,K,V,T,S,C,I,K,T,I,R,I,L,E,G,L,L,T,S,T,V,V,I,V,G,S,I,D,R,L,P,D,K,T,I,1
V,S,F,V,R,F,A,D,Q,E,L,G,L,S,K,S,I,K,T,R,E,R,Q,E,G,S,D,T,M,T,S,I,T,L,M,D,L,K,V,A,S,C,I,R,N,I,K,I,L,E,G,L,L,T,D,T,V,V,A,L,R,S,S,N,R,P,L,R,K,T,I,0
V,S,F,V,R,F,A,D,Q,E,L,G,L,S,R,N,I,E,T,R,S,Q,R,D,E,P,D,A,M,T,S,L,T,L,M,D,F,K,V,V,S,C,I,K,T,I,R,I,L,E,G,L,L,T,G,T,V,V,T,I,R,I,S,D,R,L,P,N,K,A,I,1
V,S,F,V,R,F,A,D,Q,E,L,G,L,S,R,S,I,E,T,R,A,Q,R,E,E,S,D,A,M,A,S,L,T,L,M,D,F,K,V,A,S,C,I,R,N,I,R,I,L,E,G,L,L,T,D,T,V,V,T,L,R,S,S,N,R,P,P,K,K,T,V,0
V,S,F,V,R,F,A,D,Q,E,L,G,L,S,R,N,I,E,T,R,A,Q,R,E,E,S,D,A,M,A,S,L,T,L,M,D,S,K,V,A,S,C,I,K,N,I,R,I,L,E,G,L,L,T,D,T,V,V,I,L,R,S,S,D,R,P,P,N,K,T,I,1
I,T,Y,I,L,L,S,M,R,D,M,C,D,A,K,S,L,R,V,M,E,K,N,K,S,T,D,H,I,A,P,I,S,I,I,E,Y,R,I,I,G,M,V,K,R,L,Q,V,S,S,A,I,M,S,A,S,I,A,N,I,G,V,R,D,G,P,P,K,Y,R,V,0
V,S,F,V,R,F,A,D,Q,E,L,G,L,S,K,N,I,E,T,R,A,Q,R,E,E,S,D,A,M,A,S,L,T,L,M,D,F,K,V,T,S,C,I,K,T,I,R,I,L,E,G,L,L,T,N,T,V,V,I,I,R,S,I,D,R,L,P,D,K,T,I,1
V,S,F,V,R,F,A,D,Q,E,L,G,L,S,R,S,I,E,T,R,A,Q,R,E,E,S,D,A,M,A,S,L,T,L,M,D,F,K,V,A,S,C,I,R,N,I,R,I,L,E,G,L,L,T,D,T,V,V,T,L,R,S,S,N,R,P,P,K,K,T,I,0
V,S,F,V,R,F,A,D,Q,E,L,G,L,S,R,N,I,E,T,R,A,Q,R,E,E,S,D,A,M,A,S,L,T,L,M,D,F,K,V,A,S,C,I,K,T,T,R,I,L,G,G,L,L,T,G,T,V,V,T,I,R,S,S,D,R,L,P,N,K,T,I,1
V,S,F,V,R,F,A,D,Q,E,L,G,L,S,R,S,I,E,T,R,A,Q,R,G,E,S,D,A,M,A,S,L,T,L,M,D,F,K,V,A,S,C,I,R,N,I,R,I,L,E,G,L,L,T,D,T,V,V,T,L,R,S,S,N,R,P,P,K,K,T,I,0
V,S,F,V,R,F,A,D,Q,E,L,G,L,S,R,S,V,E,T,R,A,Q,R,E,E,S,D,T,I,T,S,L,T,L,M,D,F,K,V,A,S,C,I,R,N,I,R,I,L,E,G,L,L,T,D,T,V,V,T,L,R,S,S,N,R,P,P,K,K,T,I,1
T,T,Y,I,L,L,S,M,R,D,M,C,D,A,K,S,L,R,V,M,E,K,D,K,S,T,G,N,I,A,P,I,S,I,I,E,Y,R,I,T,G,M,V,R,R,L,Q,V,S,Y,A,I,M,S,T,S,I,A,N,I,G,V,L,D,G,P,P,K,Y,R,V,0
