S,S,I,A,I,V,P,F,G,G,I,L,K,V,K,S,S,R,Q,M,F,T,C,I,W,R,Q,N,0,0
S,S,I,A,I,V,P,F,G,G,I,L,K,V,K,S,S,R,Q,M,F,T,C,I,W,R,Q,N,0,0
T,S,I,A,I,V,P,F,G,G,I,L,K,V,K,S,S,R,Q,M,F,T,C,I,W,R,Q,N,1,1
S,S,I,A,I,V,P,F,G,G,I,L,K,V,K,S,S,R,Q,M,F,T,C,I,W,R,Q,N,0,0
S,S,I,A,I,V,P,F,G,G,I,L,K,V,K,S,S,R,Q,M,F,T,C,I,W,R,Q,N,0,0
S,S,I,A,I,V,P,F,G,G,I,L,K,V,K,S,S,R,Q,M,F,T,C,I,W,R,Q,N,0,0
S,S,I,A,I,V,P,F,G,G,I,L,K,V,K,S,S,R,Q,M,F,T,C,I,W,R,Q,N,0,0
S,S,I,A,I,V,P,F,G,G,I,L,K,V,K,S,S,R,Q,M,F,T,C,I,W,R,Q,N,0,0
S,S,I,A,I,V,P,F,G,G,I,L,K,V,K,S,S,R,Q,M,F,T,C,I,W,R,Q,N,0,0
S,S,I,A,I,V,P,F,G,G,I,L,K,V,K,S,S,R,Q,M,F,T,C,I,W,R,Q,N,0,0
T,S,I,A,I,V,P,F,G,G,I,L,K,V,K,S,S,R,Q,M,F,T,C,I,W,R,Q,N,1,1
S,S,I,A,I,V,P,F,G,G,I,L,K,V,K,S,S,R,Q,M,F,T,C,I,W,R,Q,N,0,0
S,S,I,A,I,L,P,F,G,G,I,L,K,V,K,S,S,R,Q,M,F,T,C,I,W,R,Q,N,1,0
S,S,I,A,I,V,P,F,G,G,I,L,K,V,K,S,S,R,Q,M,F,T,C,I,W,R,Q,N,0,0
S,S,I,A,I,V,P,F,G,G,I,L,K,V,K,S,S,R,Q,M,F,T,C,I,W,R,Q,N,0,0
S,S,I,A,I,V,P,F,G,G,I,L,K,V,K,S,S,R,Q,M,F,T,C,I,W,R,Q,N,0,0
S,S,I,A,I,V,P,F,G,G,I,L,K,V,K,S,S,R,Q,M,F,T,C,I,W,R,Q,N,0,0
S,S,I,A,I,V,P,F,G,G,I,L,K,V,K,S,S,R,Q,M,F,T,C,I,W,R,Q,N,0,0
S,S,I,A,I,V,P,F,G,G,I,L,K,V,K,S,S,R,Q,M,F,T,C,I,W,R,Q,N,0,0
S,S,I,A,I,V,P,F,G,G,I,L,K,V,K,S,S,R,Q,M,F,T,C,I,W,R,Q,N,0,0
S,S,I,A,I,V,P,F,G,G,I,L,K,V,K,S,S,R,Q,M,F,T,C,I,W,R,Q,N,0,0
S,S,I,A,I,V,P,F,G,G,I,L,K,V,K,S,S,R,Q,M,F,T,C,I,W,R,Q,N,0,0
T,S,I,A,I,V,P,F,G,G,I,L,K,V,K,S,S,R,Q,M,F,T,C,I,W,R,Q,N,1,1
S,S,I,A,I,V,P,F,G,G,I,L,K,V,K,S,S,R,Q,M,F,T,C,I,W,R,Q,N,0,0
S,S,I,A,I,V,P,F,G,G,I,L,K,V,K,S,S,R,Q,M,F,T,C,I,W,R,Q,N,1,0
S,S,I,A,I,V,P,F,G,G,I,L,K,V,K,S,S,R,Q,M,F,T,C,I,W,R,Q,N,0,0
S,S,I,A,I,V,P,F,G,G,I,L,K,V,K,S,S,R,Q,M,F,T,C,I,W,R,Q,N,0,0
S,S,I,A,I,V,P,F,G,G,I,L,K,V,K,S,S,R,Q,M,F,T,C,I,W,R,Q,N,0,0
S,S,I,A,I,V,P,F,G,G,I,L,K,V,K,S,S,R,Q,M,F,T,C,I,W,R,Q,N,0,0
S,S,I,A,I,V,P,F,G,G,I,L,K,V,K,S,S,R,Q,M,F,T,C,I,W,R,Q,N,0,0
S,S,I,A,I,V,P,F,G,G,I,L,K,V,K,S,S,R,Q,M,F,T,C,I,W,R,Q,N,0,0
S,S,I,A,I,V,P,F,G,G,I,L,K,V,K,S,S,R,Q,M,F,T,C,I,W,R,Q,N,0,0
S,S,I,A,I,V,P,F,G,G,I,L,K,V,K,S,S,R,Q,M,F,T,C,I,W,R,Q,N,0,0
S,S,I,A,I,V,P,F,G,G,I,L,K,V,K,S,S,R,Q,M,F,T,C,I,W,R,Q,N,0,0
S,A,I,A,I,V,P,F,G,G,I,L,K,V,K,S,S,R,Q,M,F,T,C,I,W,R,Q,N,1,0
S,S,I,A,I,V,P,F,G,G,I,L,K,V,K,S,S,R,Q,M,F,T,C,I,W,R,Q,N,0,0
S,S,I,A,I,V,P,F,G,G,I,L,K,V,K,S,S,R,Q,M,F,T,C,I,W,R,Q,N,0,0
S,S,I,A,I,V,P,F,G,G,I,L,K,V,K,S,S,R,Q,M,F,T,C,I,W,R,Q,N,0,0
S,S,I,A,I,V,P,F,G,G,I,L,K,V,K,S,S,R,Q,M,F,T,C,I,W,R,Q,N,0,0
S,S,I,A,I,V,P,F,G,G,I,L,K,V,K,S,S,R,Q,M,F,T,C,I,W,R,Q,N,0,0
S,S,I,A,I,V,P,F,G,G,I,L,K,V,K,S,S,R,Q,M,F,T,C,I,W,R,Q,N,0,0
S,S,I,A,I,V,P,F,G,G,I,L,K,V,K,S,S,R,Q,M,F,T,C,I,W,R,Q,N,0,0
S,S,I,A,I,V,P,F,G,G,I,L,K,V,K,S,S,R,Q,M,F,T,C,I,W,R,Q,N,0,0
S,S,I,A,I,V,P,F,G,G,I,L,K,V,K,S,S,R,Q,M,F,T,C,I,W,R,Q,N,0,0
S,S,I,A,I,V,P,F,G,G,I,L,K,V,K,S,S,R,Q,M,F,T,C,I,W,R,Q,N,0,0
S,S,I,A,I,V,P,F,G,G,I,L,K,V,K,S,S,R,Q,M,F,T,C,I,W,R,Q,N,0,0
S,S,I,A,I,V,P,F,G,G,I,L,K,V,K,S,S,R,Q,M,F,T,C,I,W,R,Q,N,0,0
S,S,I,A,I,V,P,F,G,G,I,L,K,V,K,S,S,R,Q,M,F,T,C,I,W,R,Q,N,1,0
S,S,I,A,I,V,P,F,G,G,I,L,K,V,K,S,S,R,Q,M,F,T,C,I,W,R,Q,N,0,0
S,S,I,A,I,V,P,F,G,G,I,L,K,V,K,S,S,R,Q,M,F,T,C,I,W,R,Q,N,0,0
S,S,I,A,I,V,P,F,G,G,I,L,K,V,K,S,S,R,Q,M,F,T,C,I,W,R,Q,N,0,0
S,S,I,A,I,V,P,F,G,G,I,L,K,V,K,S,S,R,Q,M,F,T,C,I,W,R,Q,N,0,0
S,S,I,A,I,V,P,F,G,G,I,L,K,V,K,S,S,R,Q,M,F,T,C,I,W,R,Q,N,0,0
S,S,I,A,I,V,P,F,G,G,I,L,K,V,K,S,S,R,Q,M,F,T,C,I,W,R,Q,N,0,0
S,S,I,A,I,V,P,F,G,G,I,L,K,V,K,S,S,R,Q,M,F,T,C,I,W,R,Q,N,0,0
S,S,I,A,I,V,P,F,G,G,I,L,K,V,K,S,S,R,Q,M,F,T,C,I,W,R,Q,N,0,0
T,S,I,A,I,V,P,F,G,G,I,L,K,V,K,S,S,R,Q,M,F,T,C,I,W,R,Q,N,1,1
S,S,I,A,I,V,P,F,G,G,I,L,K,V,K,S,S,R,Q,M,F,T,C,I,W,R,Q,N,0,0
S,S,I,A,I,V,P,F,G,G,I,L,K,V,K,S,S,R,Q,M,F,T,C,I,W,R,Q,N,0,0
S,S,I,A,I,V,P,F,G,G,I,L,K,V,K,S,S,R,Q,M,F,T,C,I,W,R,Q,N,0,0
S,S,I,A,I,V,P,F,G,G,I,L,K,V,K,S,S,R,Q,M,F,T,C,I,W,R,Q,N,0,0
S,S,I,A,I,V,P,F,G,G,I,L,K,V,K,S,S,R,Q,M,F,T,C,I,W,R,Q,N,0,0
S,S,I,A,I,V,P,F,G,G,I,L,K,V,K,S,S,R,Q,M,F,T,C,I,W,R,Q,N,0,0
S,S,I,A,I,V,P,F,G,G,I,L,K,V,K,S,S,R,Q,M,F,T,C,I,W,R,Q,N,1,0
S,S,I,A,I,V,P,F,G,G,I,L,K,V,K,S,S,R,Q,M,F,T,C,I,W,R,Q,N,0,0
S,S,I,A,I,V,P,F,G,G,I,L,K,V,K,S,S,R,Q,M,F,T,C,I,W,R,Q,N,0,0
S,S,I,A,I,V,P,F,G,G,I,L,K,V,K,S,S,R,Q,M,F,T,C,I,W,R,Q,N,0,0
S,S,I,A,I,V,P,F,G,G,I,L,K,V,K,S,S,R,Q,M,F,T,C,I,W,R,Q,N,0,0
S,S,I,A,I,V,P,F,G,G,I,L,K,V,K,S,S,R,Q,M,F,T,C,I,W,R,Q,N,1,0
S,S,I,A,I,V,P,F,G,G,I,L,K,V,K,S,S,R,Q,M,F,T,C,I,W,R,Q,N,0,0
S,S,I,A,I,V,P,F,G,G,I,L,K,V,K,S,S,R,Q,M,F,T,C,I,W,R,Q,N,1,0
S,S,I,A,I,V,P,F,G,G,I,L,K,V,K,S,S,R,Q,M,F,T,C,I,W,R,Q,N,0,0
S,S,I,A,I,V,P,F,G,G,I,L,K,V,K,S,S,R,Q,M,F,T,C,I,W,R,Q,N,0,0
S,S,I,A,I,V,P,F,G,G,I,L,K,V,K,S,S,R,Q,M,F,T,C,I,W,R,Q,N,0,0
S,S,I,A,I,V,P,F,G,G,I,L,K,V,K,S,S,R,Q,M,F,T,C,I,W,R,Q,N,0,0
S,S,I,A,I,V,P,F,G,G,I,L,K,V,K,S,S,R,Q,M,F,T,C,I,W,R,Q,N,0,0
S,S,I,A,I,V,P,F,G,G,I,L,K,V,K,S,S,R,Q,M,F,T,C,I,W,R,Q,N,0,0
S,S,I,A,I,V,P,F,G,G,I,L,K,V,K,S,S,R,Q,M,F,T,C,I,W,R,Q,N,0,0
S,S,I,A,I,V,P,F,G,G,I,L,K,V,K,S,S,R,Q,M,F,T,C,I,W,R,Q,N,0,0
S,S,I,A,I,V,P,F,G,G,I,L,K,V,K,S,S,R,Q,M,F,T,C,I,W,R,Q,N,0,0
S,S,I,A,I,V,P,F,G,G,I,L,K,V,K,S,S,R,Q,M,F,T,C,I,W,R,Q,N,0,0
T,S,I,A,I,V,P,F,G,G,I,L,K,V,K,S,S,R,Q,M,F,T,C,I,W,R,Q,N,1,1
S,S,I,A,I,V,P,F,G,G,I,L,K,V,K,S,S,R,Q,M,F,T,C,I,W,R,Q,N,0,0
S,S,I,A,I,V,P,F,G,G,I,L,K,V,K,S,S,R,Q,M,F,T,C,I,W,R,Q,N,0,0
T,S,I,A,I,V,P,F,G,G,I,L,K,V,K,S,S,R,Q,M,F,T,C,I,W,R,Q,N,1,1
S,S,I,A,T,V,P,F,G,G,I,L,K,V,K,S,S,R,Q,M,F,T,C,I,W,R,Q,N,1,0
S,S,I,A,I,V,P,F,G,G,I,L,K,V,K,S,S,R,Q,M,F,T,C,I,W,R,Q,N,0,0
T,S,I,A,I,V,P,F,G,G,I,L,K,V,K,S,S,R,Q,M,F,T,C,I,W,W,Q,N,1,1
T,S,I,A,I,V,P,F,G,G,I,L,K,V,K,S,S,R,Q,M,F,T,C,I,W,R,Q,N,1,1
S,S,I,A,I,V,P,F,G,G,I,L,K,V,K,S,S,R,Q,M,F,T,C,I,W,R,Q,N,0,0
S,S,I,A,I,V,P,F,G,G,I,L,K,V,K,S,S,R,Q,M,F,T,C,I,W,R,Q,N,0,0
S,S,I,A,I,V,P,F,G,G,I,L,K,V,K,S,S,R,Q,M,F,T,C,I,W,R,Q,N,0,0
T,S,I,A,I,V,P,F,G,G,I,L,K,V,K,S,S,R,Q,M,F,T,C,I,W,R,Q,N,1,1
S,S,I,A,I,V,P,F,G,G,I,L,K,V,K,S,S,R,Q,M,F,T,C,I,W,R,Q,N,0,0
S,S,I,A,I,V,P,F,G,G,I,L,K,V,K,S,S,R,Q,M,F,T,C,I,W,R,Q,N,0,0
S,S,I,A,I,V,P,F,G,G,I,L,K,V,K,S,S,R,Q,M,F,T,C,I,W,R,Q,N,0,0
S,S,I,A,I,V,P,F,G,G,I,L,K,V,K,S,S,R,Q,M,F,T,C,I,W,R,Q,N,0,0
S,S,I,A,I,V,P,F,G,G,I,L,K,V,K,S,S,R,Q,M,F,T,C,I,W,R,Q,N,0,0
S,S,I,A,I,V,P,F,G,G,I,L,K,V,K,S,S,R,Q,M,F,T,C,I,W,R,Q,N,0,0
T,S,I,A,I,V,P,F,G,G,I,L,K,V,K,S,S,R,Q,M,F,T,C,I,W,R,Q,N,0,1
S,S,I,A,I,V,P,F,G,G,I,L,K,V,K,S,S,R,Q,M,F,T,C,I,W,R,Q,N,0,0
S,A,I,A,I,V,P,F,G,G,I,L,K,V,K,S,S,R,Q,M,F,T,C,I,W,R,Q,N,1,0
S,S,I,A,I,V,P,F,G,G,I,L,K,V,K,S,S,R,Q,M,F,T,C,I,R,R,Q,N,1,0
S,S,I,A,I,V,P,F,G,G,I,L,K,V,K,S,S,R,Q,M,F,T,C,I,W,R,Q,N,1,0
S,S,I,A,I,V,P,F,G,G,I,L,K,V,K,S,S,R,Q,M,F,T,C,I,W,R,Q,N,0,0
S,S,I,A,I,V,P,F,G,G,I,L,K,V,K,S,S,R,Q,M,F,T,C,I,W,R,Q,N,0,0
S,S,I,A,I,V,P,F,G,G,I,L,K,V,K,S,S,R,Q,M,F,T,C,I,W,R,Q,N,0,0
S,S,I,A,I,V,P,F,G,G,I,L,K,V,K,S,S,R,Q,M,F,T,C,I,W,R,Q,N,0,0
S,S,I,A,I,V,P,F,G,G,I,L,K,V,K,S,S,R,Q,M,F,T,C,I,W,R,Q,N,0,0
S,S,I,A,I,V,P,F,G,G,I,L,K,V,K,S,S,R,Q,M,F,T,C,I,W,R,Q,N,0,0
T,S,I,A,I,V,P,F,G,G,I,L,K,V,K,S,S,R,Q,M,F,T,C,I,W,R,Q,N,1,1
S,S,I,A,I,V,P,F,G,G,I,L,K,V,K,S,S,R,Q,M,F,T,C,I,W,R,Q,N,0,0
S,S,I,A,I,V,P,F,G,G,I,L,K,V,K,S,S,R,Q,M,F,T,C,I,W,R,Q,N,0,0
S,S,I,A,I,V,P,F,G,G,I,L,K,V,K,S,S,R,Q,M,F,T,C,I,W,R,Q,N,1,0
S,S,I,A,I,V,P,F,G,G,I,L,K,V,K,S,S,R,Q,M,F,T,C,I,W,R,Q,N,0,0
S,S,I,A,I,V,P,F,G,G,I,L,K,V,K,S,S,R,Q,M,F,T,C,I,W,R,Q,N,0,0
T,S,I,A,I,V,P,F,G,G,I,L,K,V,K,S,S,R,Q,M,F,T,C,I,W,R,Q,N,1,1
T,S,I,A,I,V,P,F,G,G,I,L,K,V,K,S,S,R,Q,M,F,T,C,I,W,R,Q,N,1,1
S,S,I,A,I,V,P,F,G,G,I,L,K,V,K,S,S,R,Q,M,F,T,C,I,W,R,Q,N,0,0
S,S,I,A,I,V,P,F,G,G,I,L,K,V,K,S,S,R,Q,M,F,T,C,I,W,R,Q,N,0,0
T,S,I,A,I,V,P,F,G,G,V,L,K,V,K,S,S,R,Q,M,F,T,C,I,W,R,Q,N,1,1
S,S,I,A,I,V,P,F,G,G,I,L,K,V,K,S,S,R,Q,M,F,T,C,I,W,R,Q,N,0,0
S,S,I,A,I,V,P,F,G,G,I,L,K,V,K,S,S,R,Q,M,F,T,C,I,W,R,Q,N,0,0
S,S,I,A,I,V,P,F,G,G,I,L,K,V,K,S,S,R,Q,M,F,T,C,I,W,R,Q,N,0,0
S,S,I,A,I,V,P,F,G,G,I,L,K,V,K,S,S,R,Q,M,F,T,C,I,W,R,Q,N,0,0
S,S,I,A,I,V,P,F,G,G,I,L,K,V,K,S,S,R,Q,M,F,T,C,I,W,R,Q,N,0,0
S,S,I,A,I,V,P,F,G,G,I,L,K,V,K,S,S,R,Q,M,F,T,C,I,W,R,Q,N,0,0
S,S,I,A,I,V,P,F,G,G,I,L,K,V,K,S,S,R,Q,M,F,T,C,I,W,R,Q,N,0,0
S,S,I,A,I,V,P,F,G,G,I,L,K,V,K,S,S,R,Q,M,F,T,C,I,W,R,Q,N,0,0
S,S,I,A,I,V,P,F,G,G,I,L,K,V,K,S,S,R,Q,M,F,T,C,I,W,R,Q,N,0,0
S,S,I,A,I,V,P,F,G,G,I,L,K,V,K,S,S,R,Q,M,F,T,C,I,W,R,Q,N,0,0
S,S,I,A,I,V,P,F,G,G,I,L,K,V,K,S,S,R,Q,M,F,T,C,I,W,R,Q,N,0,0
S,S,I,A,I,V,P,F,G,G,I,L,K,V,K,S,S,R,Q,M,F,T,C,I,W,R,Q,N,0,0
T,S,I,A,I,V,P,F,G,G,I,L,K,V,K,S,S,R,Q,M,F,T,C,I,W,R,Q,N,1,1
S,S,I,A,I,V,P,F,G,G,I,L,K,V,K,S,S,R,Q,M,F,T,C,I,W,R,Q,N,0,0
S,S,I,A,I,V,P,F,G,G,I,L,K,V,K,S,S,R,Q,M,F,T,C,I,W,R,Q,N,0,0
S,S,I,A,I,V,P,F,G,G,I,L,K,V,K,S,S,R,Q,M,F,T,C,I,W,R,Q,N,0,0
S,S,I,A,I,V,P,F,G,G,I,L,K,V,K,S,S,R,Q,M,F,T,C,I,W,R,Q,N,0,0
S,S,I,A,I,V,P,F,G,G,I,L,K,V,K,S,S,R,Q,M,F,T,C,I,W,R,Q,N,0,0
S,S,I,A,I,V,P,F,G,G,I,L,K,V,K,S,S,R,Q,M,F,T,C,I,W,R,Q,N,0,0
S,S,I,A,I,V,P,F,G,G,I,L,K,V,K,S,S,R,Q,M,F,T,C,I,W,R,Q,N,0,0
S,S,I,A,I,V,P,F,G,G,I,L,K,V,K,S,S,R,Q,M,F,T,C,I,W,R,Q,N,0,0
S,S,I,A,I,V,P,F,G,G,I,L,K,V,K,S,S,R,Q,M,F,T,C,I,W,R,Q,N,0,0
T,S,I,A,I,V,P,F,G,G,I,L,K,V,K,S,S,R,Q,M,F,T,C,I,W,R,Q,N,1,1
T,S,I,A,I,V,P,F,G,G,I,L,K,V,K,S,S,R,Q,M,F,T,C,I,W,R,Q,N,1,1
S,S,I,A,I,V,P,F,G,G,I,L,K,V,K,S,S,R,Q,M,F,T,C,I,W,R,Q,N,0,0
T,S,I,A,I,V,P,F,G,G,I,L,K,V,K,S,S,R,Q,M,F,T,C,I,W,R,Q,N,0,1
T,S,I,A,I,V,P,F,G,G,V,L,K,V,K,S,S,R,Q,M,F,T,C,I,W,R,Q,N,1,1
S,S,I,A,I,V,P,F,G,G,I,L,K,V,K,S,S,R,Q,M,F,T,C,I,W,R,Q,N,0,0
S,S,I,A,I,V,P,F,G,G,I,L,K,V,K,S,S,R,Q,M,F,T,C,I,W,R,Q,N,0,0
S,S,I,A,I,V,P,F,G,G,I,L,K,V,K,S,S,R,Q,M,F,T,C,I,W,R,Q,N,0,0
T,S,I,A,I,V,P,F,G,G,I,L,K,V,K,S,S,R,Q,M,F,T,C,I,W,R,Q,N,1,1
S,S,I,A,I,V,P,F,G,G,I,L,K,V,K,S,S,R,Q,M,F,T,C,I,W,R,Q,N,0,0
T,S,I,A,I,V,P,F,G,G,I,L,K,V,K,S,S,R,Q,M,F,T,C,I,W,R,Q,N,1,1
S,S,I,A,I,V,P,F,G,G,I,L,K,V,K,S,S,R,Q,M,F,T,C,I,W,R,Q,N,0,0
S,S,I,A,I,V,P,F,G,G,I,L,K,V,K,S,S,R,Q,M,F,T,C,I,W,R,Q,N,0,0
S,S,I,A,I,V,P,F,G,G,I,L,K,V,K,S,S,R,Q,M,F,T,C,I,W,R,Q,N,0,0
S,S,I,A,I,V,P,F,G,G,I,L,K,V,K,S,S,R,Q,M,F,T,C,I,W,R,Q,N,0,0
S,S,I,A,I,V,P,F,G,G,I,L,K,V,K,S,S,R,Q,M,F,T,C,I,W,R,Q,N,0,0
S,S,I,A,I,V,P,F,G,G,I,L,K,V,K,S,S,R,Q,M,F,T,C,I,W,R,Q,N,0,0
S,S,I,A,I,V,P,F,G,G,I,L,K,V,K,S,S,R,Q,M,F,T,C,I,W,R,P,N,1,0
T,S,I,A,I,V,P,F,G,G,I,L,K,V,K,S,S,R,Q,M,F,T,C,I,W,R,Q,N,1,1
S,S,I,A,I,V,P,F,G,G,I,L,K,V,K,S,S,R,Q,M,F,T,C,I,W,R,Q,N,0,0
S,S,I,A,I,V,P,F,G,G,I,L,K,V,K,S,S,R,Q,M,F,T,C,I,W,R,Q,N,0,0
S,S,I,A,I,V,P,F,G,G,I,L,K,V,K,S,S,R,Q,M,F,T,C,I,W,R,Q,N,0,0
T,S,I,A,I,V,P,F,G,G,I,L,K,V,K,S,S,R,Q,M,F,T,C,I,W,R,Q,N,1,1
S,S,I,A,I,V,P,F,G,G,I,L,K,V,K,S,S,R,Q,M,F,T,C,I,W,R,Q,N,0,0
T,S,I,A,I,V,P,F,G,G,I,L,K,V,K,S,S,R,Q,M,F,T,C,I,W,R,Q,N,1,1
S,S,I,A,I,V,P,F,G,G,I,L,K,V,K,S,S,R,Q,M,F,T,C,I,W,R,Q,N,0,0
S,S,I,A,I,V,P,F,G,G,I,L,K,V,K,S,S,R,Q,M,F,T,C,I,W,R,Q,N,0,0
S,S,I,A,I,V,P,F,G,G,I,L,K,V,K,S,S,R,Q,M,F,T,C,I,W,R,Q,N,0,0
S,S,I,A,I,V,P,F,G,G,I,L,K,V,K,S,S,R,Q,M,F,T,C,I,W,R,Q,N,0,0
S,S,I,A,I,V,P,F,G,G,I,L,K,V,K,S,S,R,Q,M,F,T,C,I,W,R,Q,N,0,0
S,S,I,A,I,V,P,F,G,G,I,L,K,V,K,S,S,R,Q,M,F,T,C,I,W,R,Q,N,0,0
S,S,I,A,I,V,P,F,G,G,I,L,K,V,K,S,S,R,Q,M,F,T,C,I,W,R,Q,N,0,0
S,S,I,A,I,V,P,F,G,G,I,L,K,V,K,S,S,R,Q,M,F,T,C,I,W,R,Q,N,0,0
S,S,I,A,I,V,P,F,G,G,I,L,K,V,K,S,S,R,Q,M,F,T,C,I,W,R,Q,N,0,0
S,S,I,A,I,V,P,F,G,G,I,L,K,V,K,S,S,R,Q,M,F,T,C,I,W,R,Q,N,0,0
S,S,I,A,I,V,P,F,G,G,I,L,K,V,K,S,S,R,Q,M,F,T,C,I,W,R,Q,N,0,0
S,S,I,A,I,V,P,F,G,G,I,L,K,V,K,S,S,R,Q,M,F,T,C,I,W,R,Q,N,0,0
S,S,I,A,I,V,P,F,G,G,I,L,K,V,K,S,S,R,Q,M,F,T,C,I,W,R,Q,N,1,0
S,S,I,A,I,V,P,F,G,G,I,L,K,V,K,S,S,R,Q,M,F,T,C,I,W,R,Q,N,0,0
S,S,I,A,I,V,P,F,G,G,I,L,K,V,K,S,S,R,Q,M,F,T,C,I,G,R,Q,N,0,0
T,S,I,A,I,V,P,F,G,G,I,L,K,V,K,S,S,R,Q,M,F,T,C,I,W,R,Q,N,1,1
S,S,I,A,I,V,P,F,G,G,I,L,K,V,K,S,S,R,Q,M,F,T,C,I,W,R,Q,N,0,0
S,S,I,A,I,V,P,F,G,G,I,L,K,V,K,S,S,R,Q,M,F,T,C,I,W,R,Q,N,0,0
S,S,I,A,I,V,P,F,G,G,I,L,K,V,K,S,S,R,Q,M,F,T,C,I,W,R,Q,N,0,0
S,S,I,A,I,V,P,F,G,G,I,L,K,V,K,S,S,R,Q,M,F,T,C,I,W,R,Q,N,0,0
T,S,I,A,I,V,P,F,G,G,I,L,K,V,K,S,S,R,Q,M,F,T,C,I,W,R,Q,N,1,1
T,S,I,A,I,V,P,F,G,G,I,L,K,V,K,S,S,R,Q,M,F,T,C,I,W,R,Q,N,1,1
T,S,I,A,I,V,P,F,G,G,I,L,K,V,K,S,S,R,Q,M,F,T,C,I,W,R,Q,N,0,1
S,S,I,A,I,V,P,F,G,G,I,L,K,V,K,S,S,R,Q,M,F,T,C,I,W,R,Q,N,0,0
S,S,I,A,I,V,P,F,G,G,I,L,K,V,K,S,S,R,Q,M,F,T,C,I,W,R,Q,N,0,0
S,S,I,A,I,V,P,F,G,G,I,L,K,V,K,S,S,R,Q,M,F,T,C,I,W,R,Q,N,0,0
S,S,I,A,I,V,P,F,G,G,I,L,K,V,K,S,S,R,Q,M,F,T,C,I,W,R,Q,N,0,0
S,S,I,A,I,V,P,F,G,G,I,L,K,V,K,S,S,R,Q,M,F,T,C,I,W,R,Q,N,0,0
S,S,I,A,I,V,P,F,G,G,I,L,K,V,K,S,S,R,Q,M,F,T,C,I,W,R,Q,N,1,0
S,S,I,A,I,V,P,F,G,G,I,L,K,V,K,S,S,R,Q,M,F,T,C,I,W,R,Q,N,0,0
S,S,I,A,I,V,P,F,G,G,I,L,K,V,K,S,S,R,Q,M,F,T,C,I,W,R,Q,N,0,0
S,S,I,A,I,V,P,F,G,G,I,L,K,V,K,S,S,R,Q,M,F,T,C,I,W,R,Q,N,0,0
S,S,I,A,I,V,P,F,G,G,I,L,K,V,K,S,S,R,Q,M,F,T,C,I,W,R,Q,N,0,0
S,S,I,A,I,V,P,F,G,G,I,L,K,V,K,S,S,R,Q,M,F,T,C,I,W,R,Q,N,0,0
S,S,I,A,I,V,P,F,G,G,I,L,K,V,K,S,S,R,Q,M,F,T,C,I,W,R,Q,N,0,0
S,S,I,A,I,V,P,F,G,G,I,L,K,V,K,S,S,R,Q,M,F,T,C,I,W,R,Q,N,0,0
S,S,I,A,I,V,P,F,G,G,I,L,K,V,K,S,S,R,Q,M,F,T,C,I,W,R,Q,N,0,0
S,S,I,A,I,V,P,F,G,G,I,L,K,V,K,S,S,R,Q,M,F,T,C,I,W,R,Q,N,0,0
S,S,I,A,I,V,P,F,G,G,I,L,K,V,K,S,S,R,Q,M,F,T,C,I,W,R,Q,N,0,0
S,S,I,A,I,V,P,F,G,G,I,L,K,V,K,S,S,R,Q,M,F,T,C,I,W,R,Q,N,0,0
S,S,I,A,I,V,P,F,G,G,I,L,K,V,K,S,S,R,Q,M,F,T,C,I,W,R,Q,N,0,0
