1,S,S,I,A,I,V,P,F,G,G,I,L,K,V,K,S,S,R,Q,M,F,T,C,I,W,R,Q,N,0
2,S,S,I,A,I,V,P,F,A,G,I,K,R,I,Q,L,N,R,E,H,L,T,V,M,W,R,Q,N,0
3,S,S,I,A,I,V,P,F,G,G,I,L,K,V,K,S,S,R,Q,M,F,T,C,I,W,R,Q,N,0
4,S,S,I,A,I,V,P,F,G,G,I,L,K,V,K,S,S,R,Q,M,F,T,C,I,W,R,Q,N,0
5,S,S,I,A,I,V,P,F,G,G,I,L,K,V,K,S,S,R,Q,M,F,T,C,I,W,R,Q,N,0
6,S,S,I,A,I,V,P,F,G,G,I,L,K,V,K,S,S,R,Q,M,F,T,C,I,W,R,Q,N,0
7,S,S,I,A,I,V,P,F,G,G,I,L,K,V,K,S,S,R,Q,M,F,T,C,I,W,R,Q,N,0
8,S,S,I,A,I,V,P,F,G,G,I,L,K,V,K,S,S,R,Q,M,F,T,C,I,W,R,Q,N,0
9,S,S,I,S,I,V,P,F,G,G,I,L,K,V,K,S,S,R,Q,M,F,T,C,I,W,R,Q,N,1
10,S,S,I,A,I,V,P,F,G,G,I,L,K,V,K,S,S,R,Q,M,F,T,C,I,W,R,Q,N,0
11,S,S,I,A,I,V,P,F,G,G,I,L,K,V,K,S,S,R,Q,M,F,T,C,I,W,R,Q,N,0
12,S,S,I,A,I,V,P,F,G,G,I,L,K,V,K,S,S,R,Q,M,F,T,C,I,W,R,Q,N,0
13,S,S,I,A,I,V,P,F,G,G,I,L,K,V,K,S,S,R,Q,M,F,T,C,I,W,R,Q,N,0
14,S,S,I,A,I,V,P,F,G,G,I,L,K,V,K,S,S,R,Q,M,F,T,C,I,W,R,Q,N,0
15,S,S,I,A,I,V,P,F,A,G,I,L,K,I,Q,S,N,R,E,H,L,T,V,M,W,R,Q,N,0
16,S,S,I,A,I,V,P,F,G,G,I,L,K,V,K,S,S,R,Q,M,F,T,C,I,W,R,Q,N,1
17,S,S,I,A,I,V,P,F,G,G,I,L,K,V,K,S,S,R,Q,M,F,T,C,I,W,R,Q,N,0
18,S,S,I,A,I,V,P,F,G,G,I,L,K,V,K,S,S,R,Q,M,F,T,C,I,W,R,Q,N,0
19,S,S,I,A,I,V,P,F,G,G,I,L,K,V,K,S,S,R,Q,M,F,T,C,I,W,R,Q,N,0
20,S,S,I,A,I,V,P,F,G,G,I,L,K,V,K,S,S,R,Q,M,F,T,C,I,W,R,Q,N,0
21,S,S,I,A,I,V,P,F,G,G,I,L,K,V,K,S,S,R,Q,M,L,T,V,M,W,R,Q,N,0
22,S,S,I,A,I,V,P,F,G,G,I,L,K,V,K,S,S,R,Q,M,F,T,C,I,W,R,Q,N,0
23,P,S,I,A,I,V,P,S,G,A,R,A,T,G,S,R,T,A,-,M,W,C,A,T,T,S,R,T,0
24,S,S,I,A,I,V,P,F,G,G,I,L,K,V,K,S,S,R,Q,M,F,T,C,I,W,R,Q,N,0
25,S,S,I,A,I,V,P,F,G,G,I,L,K,V,K,S,S,R,Q,M,F,T,C,I,W,R,Q,N,0
26,S,S,I,A,I,V,P,F,G,G,I,L,K,V,K,S,S,R,Q,M,F,T,C,I,W,R,Q,N,0
27,S,S,I,A,I,V,P,F,G,G,I,L,K,V,K,S,S,R,Q,M,F,T,C,I,W,R,Q,N,0
28,S,S,I,A,I,V,P,F,G,G,I,L,K,V,K,S,S,R,Q,M,F,T,C,I,W,R,Q,N,0
29,S,S,I,A,I,V,P,F,G,G,I,L,K,V,K,S,S,R,Q,M,F,T,C,I,W,R,Q,N,0
30,S,S,I,A,I,V,P,F,G,G,I,L,K,V,K,S,S,R,Q,M,F,T,C,I,W,R,Q,N,0
31,S,S,I,A,I,V,P,F,G,G,I,L,K,V,K,S,S,R,Q,M,F,T,C,I,W,R,Q,N,0
32,S,S,I,A,I,V,P,F,G,G,I,L,K,V,K,S,S,R,Q,M,F,T,C,I,W,R,Q,N,0
33,T,S,I,A,I,V,P,F,G,G,I,L,K,V,K,S,S,R,Q,M,F,T,C,I,W,R,Q,N,1
34,T,S,I,A,I,V,P,F,G,G,I,L,K,V,K,S,S,R,Q,M,F,T,C,I,W,R,Q,N,1
35,S,S,I,A,I,V,P,F,G,G,I,L,K,V,K,S,S,R,Q,M,F,T,C,I,W,R,Q,N,0
36,S,S,I,A,I,V,P,F,G,G,I,L,K,V,K,S,S,R,Q,M,F,T,C,I,W,R,Q,N,0
37,S,S,I,A,I,V,P,F,G,G,I,L,K,V,K,S,S,R,Q,M,F,T,C,I,W,R,Q,N,0
38,S,S,I,A,I,V,P,F,G,G,I,L,K,V,K,S,S,R,Q,M,F,T,C,I,W,R,Q,N,0
39,S,S,I,A,I,V,P,F,G,G,I,L,K,V,K,S,S,R,Q,M,F,T,C,I,W,R,Q,N,1
40,S,S,I,A,I,V,P,F,G,G,I,L,K,V,K,S,S,R,Q,M,F,T,C,I,W,R,Q,N,0
41,S,S,I,A,I,V,P,F,G,G,I,L,K,V,K,S,S,R,Q,M,F,T,C,I,W,R,Q,N,0
42,S,S,I,A,I,V,P,F,G,G,I,L,K,V,K,S,S,R,Q,M,F,T,C,I,W,R,Q,N,0
43,S,S,I,A,I,V,P,F,G,G,I,L,K,V,K,S,S,R,Q,M,F,T,C,I,W,R,Q,N,0
44,S,S,I,A,I,V,P,F,G,G,I,L,K,V,K,S,S,R,Q,M,F,T,C,I,W,R,Q,N,0
45,T,S,I,A,I,V,P,F,G,G,I,L,K,V,K,S,S,R,Q,M,F,T,C,I,W,R,Q,N,1
46,S,S,I,A,I,V,P,F,G,G,I,L,K,V,K,S,S,R,Q,M,F,T,C,I,W,R,Q,N,0
47,S,S,I,A,I,V,P,F,G,G,I,L,K,V,K,S,S,R,Q,M,F,T,C,I,W,R,Q,N,0
48,S,S,I,A,I,V,P,F,G,G,I,L,K,V,K,S,S,R,Q,M,F,T,C,I,W,R,Q,N,0
49,S,S,I,A,I,V,P,F,G,G,I,L,K,V,K,S,S,R,Q,M,F,T,C,I,W,R,Q,N,0
50,S,S,I,A,I,V,P,F,G,G,I,L,K,V,K,S,S,R,Q,M,F,T,C,I,W,R,Q,N,0
51,S,S,I,A,I,V,P,F,G,G,I,L,K,V,K,S,S,R,Q,M,F,T,C,I,W,R,Q,N,0
52,S,S,I,A,I,V,P,F,G,G,I,L,K,V,K,S,S,R,Q,M,F,T,C,I,W,R,Q,N,0
53,T,S,I,A,I,V,P,F,G,G,I,L,K,V,K,S,S,R,Q,M,F,T,C,I,W,R,Q,N,1
54,S,S,I,A,I,V,P,F,G,G,I,L,K,V,K,S,S,R,Q,M,F,T,C,I,W,R,Q,N,0
55,S,S,I,A,I,V,P,F,G,G,I,L,K,V,K,S,S,R,Q,M,F,T,C,I,W,R,Q,N,0
56,S,S,I,A,I,V,P,F,G,G,I,L,K,V,K,S,S,R,Q,M,F,T,C,I,W,R,Q,N,0
57,S,S,I,A,I,V,P,F,G,G,I,L,K,V,K,S,S,R,Q,M,F,T,C,I,W,R,Q,N,0
58,S,S,I,A,I,V,P,F,G,G,I,L,K,V,K,S,S,R,Q,M,F,T,C,I,W,R,Q,N,0
59,S,S,I,A,I,V,P,F,G,G,I,L,K,V,K,S,S,R,Q,M,F,T,C,I,W,R,Q,N,0
60,S,S,I,A,I,V,P,F,G,G,I,L,K,V,K,S,S,R,Q,M,F,T,C,I,W,R,Q,N,0
61,S,S,I,A,I,V,P,F,G,G,I,L,K,V,K,S,S,R,Q,M,F,T,C,I,W,R,Q,N,0
62,S,S,I,A,I,V,P,F,G,G,I,L,K,V,K,S,S,R,Q,M,F,T,C,I,W,R,Q,N,1
63,T,S,I,A,I,V,P,F,G,G,I,L,K,V,K,S,S,R,Q,M,F,T,C,I,W,R,Q,N,1
64,T,S,I,A,I,V,P,F,G,G,I,L,K,V,K,S,S,R,Q,M,F,T,C,I,W,R,Q,N,1
65,S,S,I,A,I,V,P,F,G,G,I,L,K,V,K,S,S,R,Q,M,F,T,C,I,W,R,Q,N,0
66,S,S,I,A,I,V,P,F,G,G,I,L,K,V,K,S,S,R,Q,M,F,T,C,I,W,R,Q,N,0
67,S,S,I,A,I,V,P,F,G,G,I,L,K,V,K,S,S,R,Q,M,F,T,C,I,W,R,Q,N,0
68,S,S,I,A,I,V,P,F,G,G,I,L,K,V,K,S,S,R,Q,M,F,T,C,I,W,R,Q,N,0
69,S,S,I,A,I,V,P,F,G,G,I,L,K,V,K,S,S,R,Q,M,F,T,C,I,W,R,Q,N,0
70,S,S,I,A,I,V,P,F,G,G,I,L,K,V,K,S,S,R,Q,M,F,T,C,I,W,R,Q,N,0
71,T,S,I,A,I,V,P,F,G,G,I,L,K,V,K,S,S,R,Q,M,F,T,C,I,W,R,Q,N,1
72,T,S,I,A,I,V,P,F,G,G,I,L,K,V,K,S,S,R,Q,M,F,T,C,I,W,R,Q,N,1
73,S,S,I,A,I,V,P,F,G,G,I,L,K,V,K,S,S,R,Q,M,F,T,C,I,W,R,Q,N,0
74,S,S,I,A,I,V,P,F,G,G,I,L,K,V,K,S,S,R,Q,M,F,T,C,I,W,R,Q,N,0
75,N,S,I,A,I,V,P,F,G,G,I,L,K,V,K,S,S,R,Q,M,F,T,C,I,W,R,Q,N,1
76,T,S,I,A,I,V,P,F,G,G,I,L,K,V,K,S,S,R,Q,M,F,T,C,I,W,R,Q,N,1
77,S,S,I,A,I,V,P,F,G,G,I,L,K,V,K,S,S,R,Q,M,F,T,C,I,W,R,Q,N,0
78,S,S,I,A,I,V,P,F,G,G,I,L,K,V,K,S,S,R,Q,M,F,T,C,I,W,R,Q,N,0
79,S,S,I,A,I,V,P,F,G,G,I,L,K,V,K,S,S,R,Q,M,F,T,C,I,W,R,Q,N,0
80,S,S,I,A,I,V,P,F,G,G,I,L,K,V,K,S,S,R,Q,M,F,T,C,I,W,R,Q,N,0
81,S,S,I,A,I,V,P,F,G,G,I,L,K,V,K,S,S,R,Q,M,F,T,C,I,W,R,Q,N,0
82,S,S,I,A,I,V,P,F,G,G,I,L,K,V,K,S,S,R,Q,M,F,T,C,I,W,R,Q,N,0
83,P,S,I,A,I,V,P,A,G,A,R,H,S,R,S,G,A,A,S,C,P,C,R,F,S,S,R,C,0
84,N,S,I,A,I,V,P,F,G,G,I,L,K,V,K,S,S,R,Q,M,F,T,C,I,W,R,Q,N,0
85,S,S,I,A,I,V,P,F,G,G,I,L,K,V,K,S,S,R,Q,M,F,T,C,I,W,R,Q,N,0
86,T,S,I,A,I,V,P,F,G,G,I,L,K,V,K,S,S,R,Q,M,F,T,C,I,W,R,Q,N,1
87,S,S,I,A,I,V,P,F,G,G,I,L,K,V,K,S,S,R,Q,M,F,T,C,I,W,R,Q,N,0
88,S,S,I,A,I,V,P,F,G,G,I,L,K,V,K,S,S,R,Q,M,F,T,C,I,W,R,Q,N,0
89,S,S,I,A,I,V,P,F,G,G,I,L,K,V,K,S,S,R,Q,M,F,T,C,I,W,R,Q,N,0
90,S,S,I,A,I,V,P,F,G,G,I,L,K,V,K,S,S,R,Q,M,F,T,C,I,W,R,Q,N,0
91,S,S,I,A,I,V,P,F,G,G,I,L,K,V,K,S,S,R,Q,M,F,T,C,I,W,R,Q,N,0
92,S,S,I,A,I,V,P,F,G,G,I,L,K,V,K,S,S,R,Q,M,F,T,C,I,W,R,Q,N,0
93,S,S,I,A,I,V,P,F,G,D,I,L,K,V,K,S,S,H,Q,M,F,T,C,I,W,R,Q,N,1
94,S,S,I,A,I,V,P,F,G,G,I,L,K,V,K,S,S,R,Q,M,F,T,C,I,W,R,Q,N,0
95,S,S,I,A,I,V,P,F,G,G,I,L,K,V,K,S,S,R,Q,M,F,T,C,I,W,R,Q,N,0
96,S,S,I,A,I,V,P,F,G,G,I,L,K,V,K,S,S,R,Q,M,F,T,C,I,W,R,Q,N,0
97,S,S,I,A,I,V,P,F,G,G,I,L,K,V,K,S,S,R,Q,M,F,T,C,I,W,R,Q,N,0
98,S,S,I,A,I,V,P,F,G,G,I,L,K,V,K,S,S,R,Q,M,F,T,C,I,W,R,Q,N,0
99,T,S,I,A,I,V,P,F,G,G,I,L,K,V,K,S,S,R,Q,M,F,T,C,I,W,R,Q,N,1
100,S,S,I,A,I,V,P,F,G,G,I,L,K,V,K,S,S,R,Q,M,F,T,C,I,W,R,Q,N,0
101,S,S,I,A,I,V,P,F,G,D,I,L,K,V,K,S,S,H,Q,M,F,T,C,I,W,R,Q,N,1
102,S,S,I,A,I,V,P,F,G,G,I,L,K,V,K,S,S,R,Q,M,F,T,C,I,W,R,Q,N,0
103,S,S,I,A,I,V,P,F,A,G,I,K,R,I,Q,L,N,R,E,H,L,T,V,M,W,R,Q,D,0
104,S,S,I,A,I,V,P,F,G,G,I,L,K,V,K,S,S,R,Q,M,F,T,C,I,W,R,Q,N,0
105,S,S,I,A,I,V,P,F,G,G,I,L,K,V,K,S,S,R,Q,M,F,T,C,I,W,R,Q,N,0
106,S,S,I,A,I,V,P,F,A,G,I,L,K,V,K,S,S,R,E,H,L,T,V,M,W,R,Q,D,0
107,S,S,I,A,I,V,P,F,G,G,I,L,K,V,K,S,S,R,Q,M,F,T,C,I,W,R,Q,N,0
108,S,S,I,A,I,V,P,F,G,G,I,L,K,V,K,S,S,R,Q,M,F,T,C,I,W,R,Q,N,0
109,S,S,I,A,I,V,P,F,G,G,I,L,K,V,K,S,S,R,Q,M,F,T,C,I,W,R,Q,N,0
110,S,S,I,A,I,V,P,F,G,G,I,L,K,V,K,S,S,R,Q,M,F,T,C,I,W,R,Q,N,0
111,S,S,I,A,I,V,P,F,G,G,I,L,K,V,K,S,S,R,Q,M,F,T,C,I,W,R,Q,N,0
112,S,S,I,A,I,V,P,F,G,G,I,L,K,V,K,S,S,R,Q,M,F,T,C,I,W,R,Q,N,0
113,S,S,I,A,I,V,P,F,G,G,I,L,K,V,K,S,S,R,Q,M,F,T,C,I,W,R,Q,N,0
114,S,S,I,A,I,V,P,F,G,G,I,L,K,V,K,S,S,R,Q,M,F,T,C,I,W,R,Q,N,0
115,S,S,I,A,I,V,P,F,G,G,I,L,K,V,K,S,S,R,Q,M,F,T,C,I,W,R,Q,N,0
116,S,S,I,A,I,V,P,F,G,G,I,L,K,V,K,S,S,R,Q,M,F,T,C,I,W,R,Q,N,0
117,T,S,I,A,I,V,P,F,G,G,I,L,K,V,K,S,S,R,Q,M,F,T,C,I,W,R,Q,N,1
118,S,S,I,A,I,V,P,F,G,G,I,L,K,V,K,S,S,R,Q,M,F,T,C,I,W,R,Q,N,0
119,S,S,I,A,I,V,P,F,G,G,I,L,K,V,K,S,S,R,Q,M,F,T,C,I,W,R,Q,N,1
120,S,S,I,A,I,V,P,F,G,G,I,L,K,V,K,S,S,R,Q,M,F,T,C,I,W,R,Q,N,0
121,S,S,I,A,I,V,T,F,G,G,I,L,K,V,K,S,S,R,Q,M,F,T,C,I,W,R,Q,N,1
122,S,S,I,A,I,V,T,F,G,G,I,L,K,V,K,S,S,R,Q,M,F,T,C,I,W,R,Q,N,1
123,T,S,I,A,I,V,P,F,G,G,I,L,K,V,K,S,S,R,Q,M,F,T,C,I,W,R,Q,N,1
124,S,S,I,A,I,V,P,F,G,G,I,L,K,V,K,S,S,R,Q,M,F,T,C,I,W,R,Q,N,0
125,S,S,I,A,I,V,P,F,G,G,I,L,K,V,K,S,S,R,Q,M,F,T,C,I,W,R,Q,N,0
126,T,S,I,A,I,V,P,F,G,G,I,L,K,V,K,S,S,R,Q,M,F,T,C,I,W,R,Q,N,1
127,S,S,I,A,I,V,P,F,G,G,I,L,K,V,K,S,S,R,Q,M,F,T,C,I,W,R,Q,N,0
128,S,S,I,A,I,V,P,F,G,G,I,L,K,V,K,S,S,R,Q,M,F,T,C,I,W,R,Q,N,0
129,S,S,I,A,I,V,P,F,G,G,I,L,K,V,K,S,S,R,Q,M,F,T,C,I,W,R,Q,N,0
130,S,S,I,A,I,V,P,F,G,G,I,L,K,V,K,S,S,R,Q,M,F,T,C,I,W,R,Q,N,0
131,S,S,I,A,I,V,P,F,G,G,I,L,K,V,K,S,S,R,Q,M,F,T,C,I,W,R,Q,N,0
132,T,S,I,A,I,V,P,F,G,G,I,L,K,V,K,S,S,R,Q,M,F,T,C,I,W,R,Q,N,1
133,S,S,I,A,I,V,P,F,G,G,I,L,K,V,K,S,S,R,Q,M,F,T,C,I,W,R,Q,N,0
134,T,S,I,A,I,V,P,F,G,G,I,L,K,V,K,S,S,R,Q,M,F,A,C,I,W,R,Q,N,1
135,S,S,I,A,I,V,P,F,G,G,I,L,K,V,K,S,S,R,Q,M,F,T,C,I,W,R,Q,N,0
136,T,S,I,A,I,V,P,F,G,G,I,L,K,V,K,S,S,R,Q,M,F,A,C,I,W,R,Q,N,1
137,S,S,I,A,I,V,P,F,G,G,I,L,K,V,K,S,S,R,Q,M,F,T,C,I,W,R,Q,N,0
138,S,S,I,A,I,V,P,F,G,G,I,L,K,V,K,S,S,R,Q,M,F,T,C,I,W,R,Q,N,0
139,S,S,I,A,I,V,P,F,G,G,I,L,K,V,K,S,S,R,Q,M,F,T,C,I,W,R,Q,N,0
140,T,S,I,A,I,V,P,F,G,G,I,L,K,V,K,S,S,R,Q,M,F,T,C,I,W,R,Q,N,1
141,S,S,I,A,I,V,P,F,G,G,I,L,K,V,K,S,S,R,Q,M,F,T,C,I,W,R,Q,N,0
142,T,S,I,A,I,V,P,F,G,G,I,L,K,V,K,S,S,R,Q,M,F,T,C,I,W,R,Q,N,1
143,S,S,I,A,I,V,P,L,S,G,I,L,K,V,K,S,S,R,Q,M,F,T,C,I,W,R,Q,N,1
144,S,S,I,A,I,V,P,L,S,G,I,L,K,V,K,S,S,R,Q,M,F,T,C,I,W,R,Q,N,1
145,T,S,I,A,I,V,P,F,G,G,I,L,K,V,K,S,S,R,Q,M,F,T,C,I,W,R,Q,N,1
146,S,S,I,A,I,V,P,F,G,G,I,L,K,V,K,S,S,R,Q,M,F,T,C,I,W,R,Q,N,0
147,S,S,I,A,I,V,P,F,G,G,I,L,K,V,K,S,S,R,Q,M,F,T,C,I,W,R,Q,N,0
148,S,S,I,A,I,V,P,F,G,G,I,L,K,V,K,S,S,R,Q,M,F,T,C,I,W,R,Q,N,0
149,S,S,I,A,I,V,P,F,G,G,I,L,K,V,K,S,S,R,Q,M,F,T,C,I,W,R,Q,N,0
150,S,S,I,A,I,V,P,F,G,G,I,L,K,V,K,S,S,R,Q,M,F,T,C,I,W,R,Q,N,0
151,S,S,I,A,I,V,P,F,G,G,I,L,K,V,K,S,S,R,Q,M,F,T,C,I,W,R,Q,N,0
152,T,S,I,A,I,V,P,F,G,G,I,L,K,V,K,S,S,R,Q,M,F,T,C,I,W,R,Q,N,1
153,T,S,I,A,I,V,P,F,G,G,I,L,K,V,K,S,S,R,Q,M,F,T,C,I,W,R,Q,N,1
154,S,S,I,A,I,V,P,F,G,G,I,L,K,V,K,S,S,R,Q,M,F,T,C,I,W,R,Q,N,0
155,S,S,I,A,I,V,P,F,G,G,I,L,K,V,K,S,S,R,Q,M,F,T,C,I,W,R,Q,N,0
156,S,S,I,A,I,V,P,F,G,G,I,L,K,V,K,S,S,R,Q,M,F,T,C,I,W,R,Q,N,0
157,S,S,I,A,I,V,P,F,G,G,I,L,K,V,K,S,S,R,Q,M,F,T,C,I,W,R,Q,N,0
158,S,S,I,A,I,V,P,F,G,G,I,L,K,V,K,S,S,R,Q,M,F,T,C,I,W,R,Q,N,0
159,S,S,I,A,I,V,P,F,G,G,I,L,K,V,K,S,S,R,Q,M,F,T,C,I,W,R,Q,N,0
160,T,S,I,A,I,V,P,F,G,G,I,L,K,V,K,S,S,R,Q,M,F,T,C,I,W,R,Q,N,1
161,S,S,I,A,I,V,P,F,G,G,I,L,K,V,K,S,S,R,Q,M,F,T,C,I,W,R,Q,N,0
162,S,S,I,A,I,V,P,F,G,G,I,L,K,V,K,S,S,R,Q,M,F,T,C,I,W,R,Q,N,0
163,S,S,I,A,I,V,P,F,G,G,I,L,K,V,K,S,S,R,Q,M,F,T,C,I,W,R,Q,N,0
164,T,S,I,A,I,V,P,F,G,G,I,L,K,V,K,S,S,R,Q,M,F,T,C,I,W,R,Q,N,1
165,T,S,I,A,I,V,P,F,G,G,I,L,K,V,K,S,S,R,Q,M,F,T,C,I,W,R,Q,N,1
166,S,S,I,A,I,V,P,F,G,G,I,L,K,V,K,S,S,R,Q,M,F,T,C,I,W,R,Q,N,0
167,S,S,I,A,I,V,P,F,G,G,I,L,K,V,K,S,S,R,Q,M,F,T,C,I,W,R,Q,N,0
168,S,S,I,A,I,V,P,F,G,G,I,L,K,V,K,S,S,R,Q,M,F,T,C,I,W,R,Q,N,0
169,S,S,I,A,I,V,P,F,G,G,I,L,K,V,K,S,S,R,Q,M,F,T,C,I,W,R,Q,N,0
170,S,S,I,A,I,V,P,F,G,G,I,L,K,V,K,S,S,R,Q,M,F,T,C,I,W,R,Q,N,0
171,S,S,I,A,I,V,P,F,G,G,I,L,K,V,K,S,S,R,Q,M,F,T,C,I,W,R,Q,N,0
172,T,S,I,A,I,V,P,F,G,G,I,L,K,V,K,S,S,R,Q,M,F,T,C,I,W,R,Q,N,0
173,S,S,I,A,I,V,P,F,G,G,I,L,K,V,K,S,S,R,Q,M,F,T,C,I,W,R,Q,N,0
174,S,S,I,A,I,V,P,F,G,G,I,L,K,V,K,S,S,R,Q,M,F,T,C,I,W,R,Q,N,0
175,S,S,I,A,I,V,P,F,G,G,I,L,K,V,K,S,S,R,Q,M,F,T,C,I,W,R,Q,N,0
176,S,S,I,A,I,V,P,F,G,G,I,L,K,V,K,S,S,R,Q,M,F,T,C,I,W,R,Q,N,0
177,S,S,I,A,I,V,P,F,G,G,I,L,K,V,K,S,S,R,Q,M,F,T,C,I,W,R,Q,N,0
178,S,S,I,A,I,V,P,F,G,G,I,L,K,V,K,S,S,R,Q,M,F,T,C,I,W,R,Q,N,0
179,S,S,I,A,I,V,P,F,G,G,I,L,K,V,K,S,S,R,Q,M,F,T,C,I,W,R,Q,N,1
180,S,A,I,A,I,V,P,F,G,G,I,L,K,V,K,S,S,R,Q,M,F,T,C,I,W,R,Q,N,1
181,T,S,I,A,I,V,P,F,G,G,I,L,K,V,K,S,S,R,Q,M,F,T,C,I,W,R,Q,N,1
182,T,S,I,A,I,V,P,F,G,G,I,L,K,V,K,S,S,R,Q,M,F,T,C,I,W,R,Q,N,1
183,S,S,I,A,I,V,P,F,G,G,I,L,K,V,K,S,S,R,Q,M,F,T,C,I,W,R,Q,N,0
184,S,S,I,A,I,V,P,F,G,G,I,L,K,V,K,S,S,R,Q,M,F,T,C,I,W,R,Q,N,0
185,S,S,I,A,I,V,P,F,G,G,I,L,K,V,K,S,S,R,Q,M,F,T,C,I,W,R,Q,N,0
186,S,S,I,A,I,V,P,F,G,G,I,L,K,V,K,S,S,R,Q,M,F,T,C,I,W,R,Q,N,0
187,S,S,I,A,I,V,P,F,G,G,I,L,K,V,K,S,S,R,Q,M,F,T,C,I,W,R,Q,N,0
188,S,S,I,A,I,V,P,F,G,G,I,L,K,V,K,S,S,R,Q,M,F,T,C,I,W,R,Q,N,0
189,S,S,I,A,I,V,P,F,G,G,I,L,K,V,K,S,S,R,Q,M,F,T,C,I,W,R,Q,N,0
190,S,S,I,A,I,V,P,F,G,G,I,L,K,V,K,S,S,R,Q,M,F,T,C,I,W,R,Q,N,0
191,S,S,I,A,I,V,P,F,G,G,I,L,K,V,K,S,S,R,Q,M,F,T,C,I,W,R,Q,N,0
192,S,S,I,A,I,V,P,F,G,G,I,L,K,V,K,S,S,R,Q,M,F,T,C,I,W,R,Q,N,0
193,S,S,I,A,I,V,P,F,G,G,I,L,K,V,K,S,S,R,Q,M,F,T,C,I,W,R,Q,N,0
194,S,S,I,A,I,V,P,F,G,G,I,L,K,V,K,S,S,R,Q,M,F,T,C,I,W,R,Q,N,0
195,T,S,I,A,I,V,P,F,G,G,I,L,K,V,K,S,S,R,Q,M,F,T,C,I,W,R,Q,N,1
196,S,S,I,A,I,V,P,F,G,G,I,L,K,V,K,S,S,R,Q,M,F,T,C,I,W,R,Q,N,0
197,S,S,I,A,I,V,P,F,G,G,I,L,K,V,K,S,S,R,Q,M,F,T,C,I,W,R,Q,N,0
198,S,S,I,A,I,V,P,F,G,G,I,L,K,V,K,S,S,R,Q,M,F,T,C,I,W,R,Q,N,0
199,T,S,I,A,I,V,P,F,G,G,I,L,K,V,K,S,S,R,Q,M,F,T,C,I,W,R,Q,N,1
200,S,S,I,A,I,V,P,F,G,G,I,L,K,V,K,S,S,R,Q,M,F,T,C,I,W,R,Q,N,0
201,S,S,I,A,I,V,P,F,G,G,I,L,K,V,K,S,S,R,Q,M,F,T,C,I,W,R,Q,N,0
202,S,S,I,A,I,V,P,F,G,G,I,L,K,V,K,S,S,R,Q,M,F,T,C,I,W,R,Q,N,0
203,S,S,I,A,I,V,P,F,G,G,I,L,K,V,K,S,S,R,Q,M,F,T,C,I,W,R,Q,N,0
204,S,S,I,A,I,V,P,F,G,G,I,L,K,V,K,S,S,R,Q,M,F,T,C,I,W,R,Q,N,0
205,S,S,I,A,I,V,P,F,G,G,I,L,K,V,K,S,S,R,Q,M,F,T,C,I,W,R,Q,N,0
206,S,S,I,A,I,V,P,F,G,G,I,L,K,V,K,S,S,R,Q,M,F,T,C,I,W,R,Q,N,0
207,S,S,I,A,I,V,P,F,G,G,I,L,K,V,K,S,S,R,Q,M,F,T,C,I,W,R,Q,N,0
208,S,S,I,A,I,V,P,F,G,G,I,L,K,V,K,S,S,R,Q,M,F,T,C,I,W,R,Q,N,0
209,S,S,I,A,I,V,P,F,G,G,I,L,K,V,K,S,S,R,Q,M,F,T,C,I,W,R,Q,N,0
210,S,S,I,A,I,V,P,F,G,G,I,L,K,V,K,S,S,R,Q,M,F,T,C,I,W,R,Q,N,0
211,S,S,I,A,I,V,P,F,G,G,I,L,K,V,K,S,S,R,Q,M,F,T,C,I,W,R,Q,N,0
212,T,S,I,A,I,V,P,F,G,G,I,L,K,V,K,S,S,R,Q,M,F,T,C,I,W,R,Q,N,0
213,S,S,I,A,I,V,P,F,G,G,I,L,K,V,K,S,S,R,Q,M,F,T,C,I,W,R,Q,N,0
214,S,S,I,A,I,V,P,F,G,G,I,L,K,V,K,S,S,R,Q,M,F,T,C,I,W,R,Q,N,0
215,S,S,I,A,I,V,P,F,G,G,I,L,K,V,K,S,S,R,Q,M,F,T,C,I,W,R,Q,N,0
216,S,S,I,A,I,V,P,F,G,G,I,L,K,V,K,S,S,R,Q,M,F,T,C,I,W,R,Q,N,0
217,S,S,I,A,I,V,P,F,G,G,I,L,K,V,K,S,S,R,Q,M,F,T,C,I,W,R,Q,N,0
218,S,S,I,A,I,V,P,F,G,G,I,L,K,V,K,S,S,R,Q,M,F,T,C,I,W,R,Q,N,0
219,T,S,I,A,I,V,P,F,G,G,I,L,K,V,K,S,S,R,Q,M,F,T,C,I,W,R,Q,N,1
220,S,S,I,A,I,V,P,F,G,G,I,L,K,V,K,S,S,R,Q,M,F,T,C,I,W,R,Q,N,0
221,S,S,I,A,I,V,P,F,G,G,I,L,K,V,K,S,S,R,Q,M,F,T,C,I,W,R,Q,N,0
222,S,S,I,A,I,V,P,F,G,G,I,L,K,V,K,S,S,R,Q,M,F,T,C,I,W,R,Q,N,0
223,S,S,I,A,I,V,P,F,G,G,I,L,K,V,K,S,S,R,Q,M,F,T,C,I,W,R,Q,N,0
224,S,S,I,A,I,V,P,F,G,G,I,L,K,V,K,S,S,R,Q,M,F,T,C,I,W,R,Q,N,0
225,S,S,I,A,I,V,P,F,G,G,I,L,K,V,K,S,S,R,Q,M,F,T,C,I,W,R,Q,N,0
226,S,S,I,A,I,V,P,F,G,G,I,L,K,V,K,S,S,R,Q,M,F,T,C,I,W,R,Q,N,0
227,S,S,I,A,I,V,P,F,G,G,I,L,K,V,K,S,S,R,Q,M,F,T,C,I,W,R,Q,N,0
228,S,S,I,A,I,V,P,F,G,G,I,L,K,V,K,S,S,R,Q,M,F,T,C,I,W,R,Q,N,1
229,S,S,I,A,I,V,P,F,G,G,I,L,K,V,K,S,S,R,Q,M,F,T,C,I,W,R,Q,N,0
230,S,S,I,A,I,V,P,F,G,G,I,L,K,V,K,S,S,R,Q,M,F,T,C,I,W,R,Q,N,0
231,S,S,I,A,I,V,P,F,G,G,I,L,K,V,K,S,S,R,Q,M,F,T,C,I,W,R,Q,N,0
232,S,S,I,A,I,V,P,F,G,G,I,L,K,V,K,S,S,R,Q,M,F,T,C,I,W,R,Q,N,0
233,S,S,I,A,I,V,P,F,G,G,I,L,K,V,K,S,S,R,Q,M,F,T,C,I,W,R,Q,N,0
234,S,S,I,A,I,V,P,F,G,G,I,L,K,V,K,S,S,R,Q,M,F,T,C,I,W,R,Q,N,0
235,S,S,I,A,I,V,P,F,G,G,I,L,K,V,K,S,S,R,Q,M,F,T,C,I,W,R,Q,N,0
236,S,S,I,A,I,V,P,F,G,G,I,L,K,V,K,S,S,R,Q,M,F,T,C,I,W,R,Q,N,0
237,S,S,I,A,I,V,P,F,G,G,I,L,K,V,K,S,S,R,Q,M,F,T,C,I,W,R,Q,N,0
238,S,S,I,A,I,V,P,F,G,G,I,L,K,V,K,S,S,R,Q,M,F,T,C,I,W,R,Q,N,0
239,S,S,I,A,I,V,P,F,G,G,I,L,K,V,K,S,S,R,Q,M,F,T,C,I,W,R,Q,N,0
240,S,S,I,A,I,V,P,F,G,G,I,L,K,V,K,S,S,R,Q,M,F,T,C,I,W,R,Q,N,0
241,T,S,I,A,I,V,P,F,G,G,I,L,K,V,K,S,S,R,Q,M,F,T,C,I,W,R,Q,N,1
242,T,S,I,A,I,V,P,F,G,G,I,L,K,V,K,S,S,R,Q,M,F,T,C,I,W,R,Q,N,1
243,S,S,I,A,I,V,P,F,G,G,I,L,K,V,K,S,S,R,Q,M,F,T,C,I,W,R,Q,N,0
244,S,S,I,A,I,V,P,F,G,G,I,L,K,V,K,S,S,R,Q,M,F,T,C,I,W,R,Q,N,0
245,S,S,I,A,I,V,P,F,G,G,I,L,K,V,K,S,S,R,Q,M,F,T,C,I,W,R,Q,N,0
246,S,S,I,A,I,V,P,F,G,G,I,L,K,V,K,S,S,R,Q,M,F,T,C,I,W,R,Q,N,0
247,S,S,I,A,I,V,P,F,G,G,I,L,K,V,K,S,S,R,Q,M,F,T,C,I,W,R,Q,N,0
248,S,S,I,A,I,V,P,F,G,G,I,L,K,V,K,S,S,R,Q,M,F,T,C,I,W,R,Q,N,0
249,S,S,I,A,I,V,P,F,G,G,I,L,K,V,K,S,S,R,Q,M,F,T,C,I,W,R,Q,N,0
250,S,S,I,A,I,V,P,F,G,G,I,L,K,V,K,S,S,R,Q,M,F,T,C,I,W,R,Q,N,0
251,S,S,I,A,I,V,P,F,G,G,I,L,K,V,K,S,S,R,Q,M,F,T,C,I,W,R,Q,N,0
252,S,S,I,A,I,V,P,F,G,G,I,L,K,V,K,S,S,R,Q,M,F,T,C,I,W,R,Q,N,0
253,S,S,I,A,I,V,P,F,G,G,I,L,K,V,K,S,S,R,Q,M,F,T,C,I,W,R,Q,N,0
254,S,S,I,A,I,V,P,F,G,G,I,L,K,V,K,S,S,R,Q,M,F,T,C,I,W,R,Q,N,0
255,S,S,I,A,I,V,P,F,G,G,I,L,K,V,K,S,S,R,Q,M,F,T,C,I,W,R,Q,N,0
256,S,S,I,A,I,V,P,F,G,G,I,L,K,V,K,S,S,R,Q,M,F,T,C,I,W,R,Q,N,0
257,S,S,I,A,I,V,P,F,G,G,I,L,K,V,K,S,S,R,Q,M,F,T,C,I,W,R,Q,N,0
258,S,S,I,A,I,V,P,F,G,G,I,L,K,V,K,S,S,R,Q,M,F,T,C,I,W,R,Q,N,0
259,T,S,I,A,I,V,P,F,G,G,I,L,K,V,K,S,S,R,Q,M,F,T,C,I,W,R,Q,N,1
260,S,S,I,A,I,V,P,F,G,G,I,L,K,V,K,S,S,R,Q,M,F,T,C,I,W,R,Q,N,0
261,S,S,I,A,I,V,P,F,G,G,I,L,K,V,K,S,S,R,Q,M,F,T,C,I,W,R,Q,N,0
262,S,S,I,A,I,V,P,F,G,G,I,L,K,V,K,S,S,R,Q,M,F,T,C,I,W,R,Q,N,0
263,T,S,I,A,I,V,P,F,G,G,I,L,K,V,K,S,S,R,Q,M,F,T,C,I,W,R,Q,N,0
264,S,S,I,A,I,V,P,F,G,G,I,L,K,V,K,S,S,R,Q,M,F,T,C,I,W,R,Q,N,0
265,T,S,I,A,I,V,P,F,G,G,I,L,K,V,K,S,S,R,Q,M,F,T,C,I,W,R,Q,N,1
266,S,S,I,A,I,V,P,F,G,G,I,L,K,V,K,S,S,R,Q,M,F,T,C,I,W,R,Q,N,0
267,T,S,I,A,I,V,P,F,G,G,I,L,K,V,K,S,S,R,Q,M,F,T,C,I,W,R,Q,N,1
268,S,S,I,A,I,V,P,F,G,G,I,L,K,V,K,S,S,R,Q,M,F,T,C,I,W,R,Q,N,0
269,S,S,I,A,I,V,P,F,G,G,I,L,K,V,K,S,S,R,Q,M,F,T,C,I,W,R,Q,N,0
270,S,S,I,A,I,V,P,F,G,G,I,L,K,V,K,S,S,R,Q,M,F,T,C,I,W,R,Q,N,0
271,S,S,I,A,I,V,P,F,G,G,I,L,K,V,K,S,S,R,Q,M,F,T,C,I,W,R,Q,N,0
272,S,S,I,A,I,V,P,F,G,G,I,L,K,V,K,S,S,R,Q,M,F,T,C,I,W,R,Q,N,0
273,S,S,I,A,I,V,P,F,G,G,I,L,K,V,K,S,S,R,Q,M,F,T,C,I,W,R,Q,N,0
274,S,S,I,A,I,V,P,F,G,G,I,L,K,V,K,S,S,R,Q,M,F,T,C,I,W,R,Q,N,0
275,S,S,I,A,I,V,P,F,G,G,I,L,K,V,K,S,S,R,Q,M,F,T,C,I,W,R,Q,N,0
276,S,S,I,A,I,V,P,F,G,G,I,L,K,V,K,S,S,R,Q,M,F,T,C,I,W,R,Q,N,0
277,S,S,I,A,I,V,P,F,G,G,I,L,K,V,K,S,S,R,Q,M,F,T,C,I,W,R,Q,N,0
278,T,S,I,A,I,V,P,F,G,G,I,L,K,V,K,S,S,R,Q,M,F,T,C,I,W,R,Q,N,1
279,S,S,I,S,I,V,P,F,G,G,I,L,K,V,K,S,S,R,Q,M,F,T,C,I,W,R,Q,N,1
280,S,S,I,A,I,V,P,F,G,G,I,L,K,V,K,S,S,R,Q,M,F,T,C,I,W,R,Q,N,0
281,S,S,I,A,I,V,P,F,G,G,I,L,K,V,K,S,S,R,Q,M,F,T,C,I,W,R,Q,N,1
282,S,S,I,A,I,V,P,F,G,G,I,L,K,V,K,S,S,R,Q,M,F,T,C,I,W,R,Q,N,0
283,T,S,I,A,I,V,P,F,G,G,I,L,K,V,K,S,S,R,Q,M,F,T,C,I,W,R,Q,N,0
284,S,S,I,A,I,V,P,F,G,G,I,L,K,V,K,S,S,R,Q,M,F,T,C,I,W,R,Q,N,0
285,S,S,I,A,I,V,P,F,G,G,I,L,K,V,K,S,S,R,Q,M,F,T,C,I,W,R,Q,N,0
286,S,S,I,A,I,V,P,F,G,G,I,L,K,V,K,S,S,R,Q,M,F,T,C,I,W,R,Q,N,0
287,S,S,I,A,I,V,P,F,G,G,I,L,K,V,K,S,S,R,Q,M,F,T,C,I,W,R,Q,N,0
288,S,S,I,A,I,V,P,F,G,G,I,L,K,V,K,S,S,R,Q,M,F,T,C,I,W,R,Q,N,0
289,T,S,I,A,I,V,P,F,G,G,I,L,K,V,K,S,S,R,Q,M,F,T,C,I,W,R,Q,N,1
290,S,S,I,A,I,V,P,F,G,G,I,L,K,V,K,S,S,R,Q,M,F,T,C,I,W,R,Q,N,0
291,N,S,I,A,I,V,P,F,G,G,I,L,K,V,K,S,S,R,Q,M,F,T,C,I,W,R,Q,N,1
292,S,S,I,A,I,V,P,F,G,G,I,L,K,V,K,S,S,R,Q,M,F,T,C,I,W,R,Q,N,0
293,T,S,I,A,I,V,P,F,G,G,I,L,K,V,K,S,S,R,Q,M,F,T,C,I,W,R,Q,N,1
294,S,S,I,A,I,V,P,F,G,G,I,L,K,V,K,S,S,R,Q,M,F,T,C,I,W,R,Q,N,0
295,S,S,I,A,I,V,P,F,G,G,I,L,K,V,K,S,S,R,Q,M,F,T,C,I,W,R,Q,N,0
296,S,S,I,A,I,V,P,F,G,G,I,L,K,V,K,S,S,R,Q,M,F,T,C,I,W,R,Q,N,0
297,S,S,I,A,I,V,P,F,G,G,I,L,K,V,K,S,S,R,Q,M,F,T,C,I,W,R,Q,N,0
298,S,S,I,A,I,V,P,F,G,G,I,L,K,V,K,S,S,R,Q,M,F,T,C,I,W,R,Q,N,0
299,S,S,I,A,I,V,P,F,G,G,I,L,K,V,K,S,S,R,Q,M,F,T,C,I,W,R,Q,N,0
300,S,S,I,A,I,V,P,F,G,G,I,L,K,V,K,S,S,R,Q,M,F,T,C,I,W,R,Q,N,0
301,S,S,I,A,I,V,P,F,G,G,I,L,K,V,K,S,S,R,Q,M,F,T,C,I,W,R,Q,N,0
302,S,S,I,A,I,V,P,F,G,G,I,L,K,V,K,S,S,R,Q,M,F,T,C,I,W,R,Q,N,0
303,S,S,I,A,I,V,P,F,G,G,I,L,K,V,K,S,S,R,Q,M,F,T,C,I,W,R,Q,N,0
304,S,S,I,A,I,V,P,F,G,G,I,L,K,V,K,S,S,R,Q,M,F,T,C,I,W,R,Q,N,0
305,S,S,I,A,I,V,P,F,G,G,I,L,K,V,K,S,S,R,Q,M,F,T,C,I,W,R,Q,N,0
306,S,S,I,A,I,V,P,F,G,G,I,L,K,V,K,S,S,R,Q,M,F,T,C,I,W,R,P,N,0
307,S,S,I,A,I,V,P,F,G,G,I,L,K,V,K,S,S,R,Q,M,F,T,C,I,W,R,Q,N,0
308,S,S,I,A,I,V,P,F,G,G,I,L,K,V,K,S,S,R,Q,M,F,T,C,I,W,R,Q,N,0
309,S,S,I,A,I,V,P,F,G,G,I,L,K,V,K,S,S,R,Q,M,F,T,C,I,W,R,Q,N,0
310,S,S,I,A,I,V,P,F,G,G,I,L,K,V,K,S,S,R,Q,M,F,T,C,I,W,R,Q,N,0
311,I,S,I,A,I,V,P,F,G,G,I,L,K,V,K,S,S,R,Q,M,F,T,C,I,W,R,Q,N,1
312,T,S,I,A,I,V,P,F,G,G,I,L,K,V,K,S,S,R,Q,M,F,T,C,I,W,R,Q,N,1
313,S,S,I,A,I,V,P,F,G,G,I,L,K,V,K,S,S,R,Q,M,F,T,C,I,W,R,Q,N,0
314,S,S,I,A,I,V,P,F,G,G,I,L,K,V,K,S,S,R,Q,M,F,T,C,I,W,R,Q,N,0
315,S,S,I,A,I,V,P,F,G,G,I,L,K,V,K,S,S,R,Q,M,F,T,C,I,W,R,Q,N,1
316,S,S,I,A,I,V,P,F,G,G,I,L,K,V,K,S,S,R,Q,M,F,T,C,I,W,R,Q,N,0
317,S,S,I,A,I,V,P,F,G,G,I,L,K,V,K,S,S,R,Q,M,F,T,C,I,W,R,Q,N,0
318,S,S,I,A,I,V,P,F,G,G,I,L,K,V,K,S,S,R,Q,M,F,T,C,I,W,R,Q,N,0
319,S,S,I,A,I,V,P,F,G,G,I,L,K,V,K,S,S,R,Q,M,F,T,C,I,W,R,Q,N,0
320,S,S,I,A,I,V,P,F,G,G,I,L,K,V,K,S,S,R,Q,M,F,T,C,I,W,R,Q,N,0
321,S,S,I,A,I,V,P,F,G,G,I,L,K,V,K,S,S,R,Q,M,F,T,C,I,W,R,Q,N,0
322,T,S,I,A,I,V,P,F,G,G,I,L,K,V,K,S,S,R,Q,M,F,T,C,I,W,R,Q,N,1
323,S,S,I,A,I,V,P,F,G,G,I,L,K,V,K,S,S,R,Q,M,F,T,C,I,W,R,Q,N,0
324,S,S,I,A,I,V,P,F,G,G,I,L,K,V,K,S,S,R,Q,M,F,T,C,I,W,R,Q,N,0
325,S,S,I,A,I,V,P,F,G,G,I,L,K,V,K,S,S,R,Q,M,F,T,C,I,W,R,Q,N,0
326,S,S,I,A,I,V,P,F,G,G,I,L,K,V,K,S,S,R,Q,M,F,T,C,I,W,R,Q,N,0
327,S,S,I,A,I,V,P,F,G,G,I,L,K,V,K,S,S,R,Q,M,F,T,C,I,W,R,Q,N,0
328,S,S,I,A,I,V,P,F,G,G,I,L,K,V,K,S,S,R,Q,M,F,T,C,I,W,R,Q,N,0
329,S,S,I,A,I,V,P,F,G,G,I,L,K,V,K,S,S,R,Q,M,F,T,C,I,W,R,Q,N,0
330,S,S,I,A,I,V,P,F,G,G,I,L,K,V,K,S,S,R,Q,M,F,T,C,I,W,R,Q,N,1
331,S,S,I,A,I,V,P,F,G,G,I,L,K,V,K,S,S,R,Q,M,F,T,C,I,W,R,Q,N,0
332,S,S,I,A,I,V,P,F,G,G,I,L,K,V,K,S,S,R,Q,M,F,T,C,I,W,R,Q,N,0
333,T,S,I,A,I,V,P,F,G,G,I,L,K,V,K,S,S,R,Q,M,F,T,C,I,W,R,Q,N,1
334,S,S,I,A,I,V,P,F,G,G,I,L,K,V,K,S,S,R,Q,M,F,T,C,I,W,R,Q,N,0
335,S,S,I,A,I,V,P,F,G,G,I,L,K,V,K,S,S,R,Q,M,F,T,C,I,W,R,Q,N,0
336,S,S,I,A,I,V,P,F,G,G,I,L,K,V,K,S,S,R,Q,M,F,T,C,I,W,R,Q,N,0
337,S,S,I,A,I,V,P,F,G,G,I,L,K,V,K,S,S,R,Q,M,F,T,C,I,W,R,Q,N,0
338,S,S,I,A,I,V,P,F,G,G,I,L,K,V,K,S,S,R,Q,M,F,T,C,I,W,R,Q,N,0
339,S,S,I,A,I,V,P,F,G,G,I,L,K,V,K,S,S,R,Q,M,F,T,C,I,W,R,Q,N,0
340,S,S,I,A,I,V,P,F,G,G,I,L,K,V,K,S,S,R,Q,M,F,T,C,I,W,R,Q,N,0
341,S,S,I,A,I,V,P,F,G,G,I,L,K,V,K,S,S,R,Q,M,F,T,C,I,W,R,Q,N,0
342,I,S,I,A,I,V,P,F,G,G,I,L,K,V,K,S,S,R,Q,M,F,T,C,I,W,R,Q,N,0
343,S,S,I,A,I,V,P,F,G,G,I,L,K,V,K,S,S,R,Q,M,F,T,C,I,W,R,Q,N,0
344,S,S,I,A,I,V,P,F,G,G,I,L,K,V,K,S,S,R,Q,M,F,T,C,I,W,R,Q,N,0
345,S,S,I,A,I,V,P,F,G,G,I,L,K,V,K,S,S,R,Q,M,F,T,C,I,W,R,Q,N,0
346,S,S,I,A,I,V,P,F,G,G,I,L,K,V,K,S,S,R,Q,M,F,T,C,I,W,R,Q,N,0
347,S,S,I,A,I,V,P,F,G,G,I,L,K,V,K,S,S,R,Q,M,F,T,C,I,W,R,Q,N,0
348,S,S,I,A,I,V,P,F,G,G,I,L,K,V,K,S,S,R,Q,M,F,T,C,I,W,R,Q,N,0
349,S,S,I,A,I,V,P,F,G,G,I,L,K,V,K,S,S,R,Q,M,F,T,C,I,W,R,Q,N,0
350,S,S,I,A,I,V,P,F,G,G,I,L,K,V,K,S,S,R,Q,M,F,T,C,I,W,R,Q,N,0
351,H,S,I,A,I,V,A,V,R,R,D,A,Q,G,E,L,Q,P,H,R,F,D,L,D,V,*,D,E,0
352,S,S,I,A,I,V,P,F,G,G,I,L,K,V,K,S,S,R,Q,M,F,T,C,I,W,R,Q,N,0
353,S,S,I,A,I,V,P,F,G,G,I,L,K,V,K,S,S,R,Q,M,F,T,C,I,W,R,Q,N,0
354,S,S,I,A,I,V,P,F,G,G,I,L,K,V,K,S,S,R,Q,M,F,T,C,I,W,R,Q,N,0
355,T,S,I,A,I,V,P,F,A,G,I,K,R,I,Q,L,N,R,E,H,L,T,V,M,W,R,Q,N,1
356,S,S,I,A,I,V,P,F,G,G,I,L,K,V,K,S,S,R,Q,M,F,T,C,I,W,R,Q,N,0
357,S,S,I,A,I,V,P,F,G,G,I,L,K,V,K,S,S,R,Q,M,F,T,C,I,W,R,Q,N,0
358,S,S,I,A,I,V,P,F,G,G,I,L,K,V,K,S,S,R,Q,M,F,T,C,I,W,R,Q,N,0
359,S,S,I,A,I,V,P,F,G,G,I,L,K,V,K,S,S,R,Q,M,F,T,C,I,W,R,Q,N,0
360,S,S,I,A,I,V,P,F,G,G,I,L,K,V,K,S,S,R,Q,M,F,T,C,I,W,R,Q,N,0
361,T,S,I,A,I,V,P,F,G,G,I,L,K,V,K,S,S,R,Q,M,F,T,C,I,W,R,Q,N,1
362,S,S,I,A,I,V,P,F,G,G,I,L,K,V,K,S,S,R,Q,M,F,T,C,I,W,R,Q,N,0
363,S,S,I,A,I,V,P,F,G,G,I,L,K,V,K,S,S,R,Q,M,F,T,C,I,W,R,Q,N,0
364,S,S,I,A,I,V,P,F,G,G,I,L,K,V,K,S,S,R,Q,M,F,T,C,I,W,R,Q,N,0
365,T,S,I,A,I,V,P,F,G,G,I,L,K,V,K,S,S,R,Q,M,F,T,C,I,W,R,Q,N,1
366,T,S,I,A,I,V,P,F,A,G,I,K,R,I,Q,L,N,R,E,H,L,T,V,M,W,R,Q,N,1
367,S,S,I,A,I,V,P,F,G,G,I,L,K,V,K,S,S,R,Q,M,F,T,C,I,W,R,Q,N,0
368,S,S,I,A,I,V,P,F,G,G,I,L,K,V,K,S,S,R,Q,M,F,T,C,I,W,R,Q,N,0
369,S,S,I,A,I,V,P,F,G,G,I,L,K,V,K,S,S,R,Q,M,F,T,C,I,W,R,Q,N,0
370,T,S,I,A,I,V,P,F,G,G,I,L,K,V,K,S,S,R,Q,M,F,T,C,I,W,R,Q,N,1
371,S,S,I,A,I,V,P,F,G,G,I,L,K,V,K,S,S,R,Q,M,F,T,C,I,W,R,Q,N,0
372,S,S,I,A,I,V,P,F,G,G,I,L,K,V,K,S,S,R,Q,M,F,T,C,I,W,R,Q,N,0
373,S,S,I,A,I,V,P,F,G,G,I,L,K,V,K,S,S,R,Q,M,F,T,C,I,W,R,Q,N,0
374,S,S,I,A,I,V,P,F,G,G,I,L,K,V,K,S,S,R,Q,M,F,T,C,I,W,R,Q,N,0
375,S,S,I,A,I,V,P,F,G,G,I,L,K,V,K,S,S,R,Q,M,F,T,C,I,W,R,Q,N,0
376,S,S,I,A,I,V,P,F,G,G,I,L,K,V,K,S,S,R,Q,M,F,T,C,I,W,R,Q,N,0
377,S,S,I,A,I,V,P,F,G,G,I,L,K,V,K,S,S,R,Q,M,F,T,C,I,W,R,Q,N,0
378,S,S,I,A,I,V,P,F,G,G,I,L,K,V,K,S,S,R,Q,M,F,T,C,I,W,R,Q,N,0
379,S,S,I,A,I,V,P,F,G,G,I,L,K,V,K,S,S,R,Q,M,F,T,C,I,W,R,Q,N,0
380,S,S,I,A,I,V,P,F,G,G,I,L,K,V,K,S,S,R,Q,M,F,T,C,I,W,R,Q,N,0
381,S,S,I,A,I,V,P,F,G,G,I,L,K,V,K,S,S,R,Q,M,F,T,C,I,W,R,Q,N,0
382,S,S,I,A,I,V,P,F,G,G,I,L,K,V,K,S,S,R,Q,M,F,T,C,I,W,R,Q,N,0
383,S,S,I,A,I,V,P,F,G,G,I,L,K,V,K,S,S,R,Q,M,F,T,C,I,W,R,Q,N,0
384,S,S,I,A,I,V,P,F,G,G,I,L,K,V,K,S,S,R,Q,M,F,T,C,I,W,R,Q,N,0
385,S,S,I,A,I,V,P,F,G,G,I,L,K,V,K,S,S,R,Q,M,F,T,C,I,W,R,Q,N,0
386,S,S,I,A,I,V,P,F,G,G,I,L,K,V,K,S,S,R,Q,M,F,T,C,I,W,R,Q,N,0
387,S,S,I,A,I,V,P,F,G,G,I,L,K,V,K,S,S,R,Q,M,F,T,C,I,W,R,Q,N,0
388,S,S,I,A,I,V,P,F,G,G,I,L,K,V,K,S,S,R,Q,M,F,T,C,I,W,R,Q,N,0
389,S,S,I,A,I,V,P,F,G,G,I,L,K,V,K,S,S,R,Q,M,F,T,C,I,W,R,Q,N,0
390,T,S,I,A,I,V,P,F,G,G,I,L,K,V,K,S,S,R,Q,M,F,T,C,I,W,R,Q,N,1
391,T,S,I,A,I,V,P,F,G,G,I,L,K,V,K,S,S,R,Q,M,F,T,C,I,W,R,Q,N,1
392,S,S,I,A,I,V,P,F,G,G,I,L,K,V,K,S,S,R,Q,M,F,T,C,I,W,R,Q,N,0
393,S,S,I,A,I,V,P,F,G,G,I,L,K,V,K,S,S,R,Q,M,F,T,C,I,W,R,Q,N,0
394,S,S,I,A,I,V,P,F,G,G,I,L,K,V,K,S,S,R,Q,M,F,T,C,I,W,R,Q,N,0
395,S,S,I,A,I,V,P,F,G,G,I,L,K,V,K,S,S,R,Q,M,F,T,C,I,W,R,Q,N,0
396,S,S,I,A,I,V,P,F,G,G,I,L,K,V,K,S,S,R,Q,M,F,T,C,I,W,R,Q,N,0
397,S,S,I,A,I,V,P,F,G,G,I,L,K,V,K,S,S,R,Q,M,F,T,C,I,W,R,Q,N,0
398,S,S,I,A,I,V,P,F,G,G,I,L,K,V,K,S,S,R,Q,M,F,T,C,I,W,R,Q,N,0
399,T,S,I,A,I,V,P,F,G,G,I,L,K,V,K,S,S,R,Q,M,F,T,C,I,W,R,Q,N,1
400,S,S,I,A,I,V,P,F,G,G,I,L,K,V,K,S,S,R,Q,M,F,T,C,I,W,R,Q,N,0
401,S,S,I,A,I,V,P,F,G,G,I,L,K,V,K,S,S,R,Q,M,F,T,C,I,W,R,Q,N,0
402,S,S,I,A,I,V,P,F,G,G,I,L,K,V,K,S,S,R,Q,M,F,T,C,I,W,R,Q,N,0
403,S,S,I,A,I,V,P,F,G,G,I,L,K,V,K,S,S,R,Q,M,F,T,C,I,W,R,Q,N,0
404,T,S,I,A,I,V,P,F,G,G,I,L,K,V,K,S,S,R,Q,M,F,T,C,I,W,R,Q,N,1
405,S,S,I,A,I,V,P,F,G,G,I,L,K,V,K,S,S,R,Q,M,F,T,C,I,W,R,Q,N,0
406,S,S,I,A,I,V,P,F,G,G,I,L,K,V,K,S,S,R,Q,M,F,T,C,I,W,R,Q,N,0
407,S,S,I,A,I,V,P,F,G,G,I,L,K,V,K,S,S,R,Q,M,F,T,C,I,W,R,Q,N,0
408,T,S,I,A,I,V,P,F,G,G,I,L,K,V,K,S,S,R,Q,M,F,T,C,I,W,R,Q,N,1
409,S,S,I,A,I,V,P,F,G,G,I,L,K,V,K,S,S,R,Q,M,F,T,C,I,W,R,Q,N,1
410,T,S,I,A,I,V,P,F,G,G,I,L,K,V,K,S,S,R,Q,M,F,T,C,I,W,R,Q,N,1
411,S,S,I,A,I,V,P,F,G,G,I,L,K,V,K,S,S,R,Q,M,F,T,C,I,W,R,Q,N,0
412,S,S,I,A,I,V,P,F,G,G,I,L,K,V,K,S,S,R,Q,M,F,T,C,I,W,R,Q,N,0
413,S,S,I,A,I,V,P,F,G,G,I,L,K,V,K,S,S,R,Q,M,F,T,C,I,W,R,Q,N,1
414,S,S,I,A,I,V,P,F,G,G,I,L,K,V,K,S,S,R,Q,M,F,T,C,I,W,R,Q,N,0
415,S,S,I,A,I,V,P,F,G,G,I,L,K,V,K,S,S,R,Q,M,F,T,C,I,W,R,Q,N,0
416,S,S,I,A,I,V,P,F,G,G,I,L,K,V,K,S,S,R,Q,M,F,T,C,I,W,R,Q,N,0
417,S,S,I,A,I,V,P,F,G,G,I,L,K,V,K,S,S,P,Q,M,F,D,C,I,W,*,D,E,0
418,S,S,I,A,I,V,P,F,G,G,I,L,K,V,K,S,S,R,Q,M,F,T,C,I,W,R,Q,N,0
419,S,S,I,A,I,V,P,F,G,G,I,L,K,V,K,S,S,R,Q,M,F,T,C,I,W,R,Q,N,0
420,S,S,I,A,I,V,P,F,G,G,I,L,K,V,K,S,S,R,Q,M,F,T,C,I,W,R,Q,N,0
421,S,S,I,A,I,V,P,F,G,G,I,L,K,V,K,S,S,R,Q,M,F,T,C,I,W,R,Q,N,0
422,S,S,I,A,I,V,P,F,G,G,I,L,K,V,K,S,S,R,Q,M,F,T,C,I,W,R,Q,N,0
423,S,S,I,A,I,V,P,F,G,G,I,L,K,V,K,S,S,R,Q,M,F,T,C,I,W,R,Q,N,0
424,S,S,I,A,I,V,P,F,G,G,I,L,K,V,K,S,S,R,Q,M,F,T,C,I,W,R,Q,N,0
425,S,S,I,A,I,V,P,F,G,G,I,L,K,V,K,S,S,R,Q,M,F,T,C,I,W,R,Q,N,0
426,S,S,I,A,I,V,P,F,G,G,I,L,K,V,K,S,S,R,Q,M,F,T,C,I,W,R,Q,N,0
427,S,S,I,A,I,V,P,F,G,G,I,L,K,V,K,S,S,R,Q,M,F,T,C,I,W,R,Q,N,0
428,S,S,I,A,I,V,P,F,G,G,I,L,K,V,K,S,S,R,Q,M,F,T,C,I,W,R,Q,N,0
429,S,S,I,A,I,V,P,F,G,G,I,L,K,V,K,S,S,R,Q,M,F,T,C,I,W,R,Q,N,0
430,S,S,I,A,I,V,P,F,G,G,I,L,K,V,K,S,S,R,Q,M,F,T,C,I,W,R,Q,N,0
431,S,S,I,A,I,V,P,F,G,G,I,L,K,V,K,S,S,R,Q,M,F,T,C,I,W,R,Q,N,0
432,S,S,I,A,I,V,P,F,G,G,I,L,K,V,K,S,S,R,Q,M,F,T,C,I,W,R,Q,N,0
433,S,S,I,A,I,V,P,F,G,G,I,L,K,V,K,S,S,R,Q,M,F,T,C,I,W,R,Q,N,0
434,S,S,I,A,I,V,P,F,G,G,I,L,K,V,K,S,S,R,Q,M,F,T,C,I,W,R,Q,N,0
435,S,S,I,A,I,V,P,F,G,G,I,L,K,V,K,S,S,R,Q,M,F,T,C,I,W,R,Q,N,0
436,S,S,I,A,I,V,P,F,G,G,I,L,K,V,K,S,S,R,Q,M,F,T,C,I,W,R,Q,N,0
437,T,S,I,A,I,V,P,F,G,G,I,L,K,V,K,S,S,R,Q,M,F,T,C,I,W,R,Q,N,1
438,S,S,I,A,I,V,P,F,G,G,I,L,K,V,K,S,S,R,Q,M,F,T,C,I,W,R,Q,N,0
439,T,S,I,A,I,V,P,F,G,G,I,L,K,V,K,S,S,R,Q,M,F,T,C,I,W,R,Q,N,1
440,S,S,I,A,I,V,P,F,G,G,I,L,K,V,K,S,S,R,Q,M,F,T,C,I,W,R,Q,N,0
441,S,S,I,A,I,V,P,F,G,G,I,L,K,V,K,S,S,R,Q,M,F,T,C,I,W,R,Q,N,0
442,S,S,I,A,I,V,P,F,G,G,I,L,K,V,K,S,S,R,Q,M,F,T,C,I,W,R,Q,N,0
443,S,S,I,A,I,V,P,F,G,G,I,L,K,V,K,S,S,R,Q,M,F,T,C,I,W,R,Q,N,0
444,S,S,I,A,I,V,P,F,G,G,I,L,K,V,K,S,S,R,Q,M,F,T,C,I,W,R,Q,N,0
445,S,S,I,A,I,V,P,F,G,G,I,L,K,V,K,S,S,R,Q,M,F,T,C,I,W,R,Q,N,0
446,S,S,I,A,I,V,P,F,G,G,I,L,K,V,K,S,S,R,Q,M,F,T,C,I,W,R,Q,N,0
447,S,S,I,A,I,V,P,F,G,G,I,L,K,V,K,S,S,R,Q,M,F,T,C,I,W,R,Q,N,0
448,S,S,I,A,I,V,P,F,G,G,I,L,K,V,K,S,S,R,Q,M,F,T,C,I,W,R,Q,N,0
449,S,S,I,A,I,V,P,F,G,G,I,L,K,V,K,S,S,R,Q,M,F,T,C,I,W,R,Q,N,0
450,T,A,I,A,I,V,P,F,G,G,I,L,K,V,K,S,S,R,Q,M,F,T,C,I,W,R,Q,N,1
451,S,S,I,A,I,V,P,F,G,G,I,L,K,V,K,S,S,R,Q,M,F,T,C,I,W,R,Q,N,0
452,T,S,I,A,I,V,P,F,G,G,I,L,K,V,K,S,S,R,Q,M,F,T,C,I,W,R,Q,N,1
453,S,S,I,A,I,V,P,F,G,G,I,L,K,V,K,S,S,R,Q,M,F,T,C,I,W,R,Q,N,0
454,S,S,I,A,I,V,P,F,G,G,I,L,K,V,K,S,S,R,Q,M,F,T,C,I,W,R,Q,N,0
455,S,S,I,A,I,V,P,F,G,G,I,L,K,V,K,S,S,R,Q,M,F,T,C,I,W,R,Q,N,0
456,T,S,I,A,I,V,P,F,G,G,I,L,K,V,K,S,S,R,Q,M,F,T,C,I,W,R,Q,N,1
457,S,S,I,A,I,V,P,F,G,G,I,L,K,V,K,S,S,R,Q,M,F,T,C,I,W,R,Q,N,0
458,S,S,I,A,I,V,P,F,G,G,I,L,K,V,K,S,S,R,Q,M,F,T,C,I,W,R,Q,N,0
459,S,S,I,A,I,V,P,F,G,G,I,L,K,V,K,S,S,R,Q,M,F,T,C,I,W,R,Q,N,0
460,S,S,I,A,I,V,P,F,G,G,I,L,K,V,K,S,S,R,Q,M,F,T,C,I,W,R,Q,N,0
461,S,S,I,A,I,V,P,F,G,G,I,L,K,V,K,S,S,R,Q,M,F,T,C,I,W,R,Q,N,0
462,S,S,I,A,I,V,P,F,G,G,I,L,K,V,K,S,S,R,Q,M,F,T,C,I,W,R,Q,N,0
463,S,S,I,A,I,V,P,F,G,G,I,L,K,V,K,S,S,R,Q,M,F,T,C,I,W,R,Q,N,0
464,S,S,I,A,I,V,P,F,G,G,I,L,K,V,K,S,S,R,Q,M,F,T,C,I,W,R,Q,N,0
465,S,S,I,A,I,V,P,F,G,G,I,L,K,V,K,S,S,R,Q,M,F,T,C,I,W,R,Q,N,0
466,S,S,I,A,I,V,P,F,G,G,I,L,K,V,K,S,S,R,Q,M,F,T,C,I,W,R,Q,N,0
467,T,S,I,A,I,V,P,F,G,G,I,L,K,V,K,S,S,R,Q,M,F,T,C,I,W,R,Q,N,1
468,S,S,I,A,I,V,P,F,G,G,I,L,K,V,K,S,S,R,Q,M,F,T,C,I,W,R,Q,N,0
469,S,S,I,A,I,V,P,F,G,G,I,L,K,V,K,S,S,R,Q,M,F,T,C,I,W,R,Q,N,0
470,T,S,I,A,I,V,P,F,G,G,I,L,K,V,K,S,S,R,Q,M,F,T,C,I,W,R,Q,N,1
471,S,S,I,A,I,V,P,F,G,G,I,L,K,V,K,S,S,R,Q,M,F,T,C,I,W,R,Q,N,0
472,S,S,I,A,I,V,P,F,G,G,I,L,K,V,K,S,S,R,Q,M,F,T,C,I,W,R,Q,N,0
473,T,S,I,A,I,V,P,F,G,G,I,L,K,V,K,S,S,R,Q,M,F,T,C,I,W,R,Q,N,1
474,S,S,I,A,I,V,P,F,G,G,I,L,K,V,K,S,S,R,Q,M,F,T,C,I,W,R,Q,N,0
475,S,S,I,A,I,V,P,F,G,G,I,L,K,V,K,S,S,R,Q,M,F,T,C,I,W,R,Q,N,0
476,S,S,I,A,I,V,P,F,G,G,I,L,K,V,K,S,S,R,Q,M,F,T,C,I,W,R,Q,N,0
477,S,S,I,A,I,V,P,F,G,G,I,L,K,V,K,S,S,R,Q,M,F,T,C,I,W,R,Q,N,0
478,S,S,I,A,I,V,P,F,G,G,I,L,K,V,K,S,S,R,Q,M,F,T,C,I,W,R,Q,N,0
479,S,S,I,A,I,V,P,F,G,G,I,L,K,V,K,S,S,R,Q,M,F,T,C,I,W,R,Q,N,0
480,S,S,I,A,I,V,P,F,G,G,I,L,K,V,K,S,S,R,Q,M,F,T,C,I,W,R,Q,N,0
481,S,S,I,A,I,V,P,F,G,G,I,L,K,V,K,S,S,R,Q,M,F,T,C,I,W,R,Q,N,0
482,S,S,I,A,I,V,P,F,G,G,I,L,K,V,K,S,S,R,Q,M,F,T,C,I,W,R,Q,N,0
483,S,S,I,A,I,L,P,F,G,G,I,L,K,V,K,S,S,R,Q,M,F,T,C,I,W,R,Q,N,1
484,S,S,I,A,I,V,P,F,G,G,I,L,K,V,K,S,S,R,Q,M,F,T,C,I,W,R,Q,N,0
485,S,S,I,A,I,V,P,F,G,G,I,L,K,V,K,S,S,R,Q,M,F,T,C,I,W,R,Q,N,0
486,S,S,I,A,I,V,P,F,G,G,I,L,K,V,K,S,S,R,Q,M,F,T,C,I,W,R,Q,N,0
487,S,S,I,A,I,V,P,F,G,G,I,L,K,V,K,S,S,R,Q,M,F,T,C,I,W,R,Q,N,0
488,S,S,I,A,I,V,P,F,G,G,I,L,K,V,K,S,S,R,Q,M,F,T,C,I,W,R,Q,N,0
489,S,S,I,A,I,V,P,F,G,G,I,L,K,V,K,S,S,R,Q,M,F,T,C,I,W,R,Q,N,0
490,S,S,I,A,I,V,P,F,G,G,I,L,K,V,K,S,S,R,Q,M,F,T,C,I,W,R,Q,N,0
491,S,S,I,A,I,V,P,F,G,G,I,L,K,V,K,S,S,R,Q,M,F,T,C,I,W,R,Q,N,0
492,S,S,I,A,I,V,P,F,G,G,I,L,K,V,K,S,S,R,Q,M,F,T,C,I,W,R,Q,N,0
493,S,S,I,A,I,V,P,F,G,G,I,L,K,V,K,S,S,R,Q,M,F,T,C,I,W,R,Q,N,0
494,S,S,I,A,I,V,P,F,G,G,I,L,K,V,K,S,S,R,Q,M,F,T,C,I,W,R,Q,N,0
495,T,S,I,A,I,V,P,F,G,G,I,L,K,V,K,S,S,R,Q,M,F,T,C,I,W,R,Q,N,1
496,S,S,I,A,I,V,P,F,G,G,I,L,K,V,K,S,S,R,Q,M,F,T,C,I,W,R,Q,N,0
497,S,S,I,A,I,V,P,F,G,G,I,L,K,V,K,S,S,R,Q,M,F,T,C,I,W,R,Q,N,0
498,S,S,I,A,I,V,P,F,G,G,I,L,K,V,K,S,S,R,Q,M,F,T,C,I,W,R,Q,N,0
499,S,S,I,A,I,V,P,F,G,G,I,L,K,V,K,S,S,R,Q,M,F,T,C,I,W,R,Q,N,0
500,S,S,I,A,I,V,P,F,G,G,I,L,K,V,K,S,S,R,Q,M,F,T,C,I,W,R,Q,N,0
501,S,S,I,A,I,V,P,F,G,G,I,L,K,V,K,S,S,R,Q,M,F,T,C,I,W,R,Q,N,0
502,S,S,I,A,I,V,P,F,G,G,I,L,K,V,K,S,S,R,Q,M,F,T,C,I,W,R,Q,N,0
503,S,S,I,A,I,V,P,F,G,G,I,L,K,V,K,S,S,R,Q,M,F,T,C,I,W,R,Q,N,0
504,S,S,I,A,I,V,P,F,G,G,I,L,K,V,K,S,S,R,Q,M,F,T,C,I,W,R,Q,N,0
505,S,S,I,A,I,V,P,F,G,G,I,L,K,V,K,S,S,R,Q,M,F,T,C,I,W,R,Q,N,0
506,S,S,I,A,I,V,P,F,G,G,I,L,K,V,K,S,S,R,Q,M,F,T,C,I,W,R,Q,N,0
507,S,S,I,A,I,V,P,F,G,G,I,L,K,V,K,S,S,R,Q,M,F,T,C,I,W,R,Q,N,0
508,S,S,I,A,I,V,P,F,G,G,I,L,K,V,K,S,S,R,Q,M,F,T,C,I,W,R,Q,N,0
509,S,S,I,A,I,V,P,F,G,G,I,L,K,V,K,S,S,R,Q,M,F,T,C,I,W,R,Q,N,0
510,S,S,I,A,I,V,P,F,G,G,I,L,K,V,K,S,S,R,Q,M,F,T,C,I,W,R,Q,N,0
511,S,S,I,A,I,V,P,F,G,G,I,L,K,V,K,S,S,R,Q,M,F,T,C,I,W,R,Q,N,0
512,S,S,I,A,I,V,P,F,G,G,I,L,K,V,K,S,S,R,Q,M,F,T,C,I,W,R,Q,N,0
513,S,S,I,A,I,V,P,F,G,G,I,L,K,V,K,S,S,R,Q,M,F,T,C,I,W,R,Q,N,0
514,S,S,I,A,I,V,P,F,G,G,I,L,K,V,K,S,S,R,Q,M,F,T,C,I,W,R,Q,N,0
515,S,S,I,A,I,V,P,F,G,G,I,L,K,V,K,S,S,R,Q,M,F,T,C,I,W,R,Q,N,0
516,S,S,I,A,I,V,P,F,G,G,I,L,K,V,K,S,S,A,Q,M,F,R,C,I,W,R,Q,T,0
517,S,S,I,A,I,V,P,F,G,G,I,L,K,V,K,S,S,R,Q,M,F,T,C,I,W,R,Q,N,0
518,S,S,I,A,I,V,P,F,G,G,I,L,K,V,K,S,S,R,Q,M,F,T,C,I,W,R,Q,N,0
519,S,S,I,A,I,V,P,F,G,G,I,L,K,V,K,S,S,R,Q,M,F,T,C,I,W,R,Q,N,0
520,S,S,I,A,I,V,P,F,G,G,I,L,K,V,K,S,S,R,Q,M,F,T,C,I,W,R,Q,N,0
521,S,S,I,A,I,V,P,F,G,G,I,L,K,V,K,S,S,R,Q,M,F,T,C,I,W,R,Q,N,0
522,S,S,I,A,I,V,P,F,G,G,I,L,K,V,K,S,S,R,Q,M,F,T,C,I,W,R,Q,N,0
523,S,S,I,A,I,V,P,F,G,G,I,L,K,V,K,S,S,R,Q,M,F,T,C,I,W,R,Q,N,0
524,T,S,I,A,I,V,P,F,G,G,I,L,K,V,K,S,S,R,Q,M,F,T,C,I,W,R,Q,N,1
525,S,S,I,A,I,V,P,F,G,G,I,L,K,V,K,S,S,R,Q,M,F,T,C,I,W,R,Q,N,0
526,S,S,I,A,I,V,P,F,G,G,I,L,K,V,K,S,S,R,Q,M,F,T,C,I,W,R,Q,N,1
527,S,S,I,A,I,V,P,F,G,G,I,L,K,V,K,S,S,R,Q,M,F,T,C,I,W,R,Q,N,0
528,S,S,I,A,I,V,P,F,G,G,I,L,K,V,K,S,S,R,Q,M,F,T,C,I,W,R,Q,N,0
529,S,S,I,A,I,V,P,F,G,G,I,L,K,V,K,S,S,R,Q,M,F,T,C,I,W,R,Q,N,0
530,S,S,I,A,I,V,P,F,G,G,I,L,K,V,K,S,S,R,Q,M,F,T,C,I,W,R,Q,N,0
531,T,S,I,A,I,V,P,F,G,G,I,L,K,V,K,S,S,R,Q,M,F,T,C,I,W,R,Q,N,1
532,S,S,I,A,I,V,P,F,G,G,I,L,K,V,K,S,S,R,Q,M,F,T,C,I,W,R,Q,N,0
533,N,S,I,A,I,V,P,F,G,G,I,L,K,V,K,S,S,R,Q,M,F,T,C,I,W,R,E,N,1
534,S,S,T,A,I,V,P,F,G,G,I,L,K,V,K,S,S,R,Q,M,F,T,C,I,W,R,Q,N,1
535,S,S,I,A,I,V,P,F,G,G,I,L,K,V,K,S,S,R,Q,M,F,T,C,I,W,R,Q,N,0
536,T,S,I,A,I,V,P,F,G,G,I,L,K,V,K,S,S,R,Q,M,F,T,C,I,W,R,Q,N,1
537,S,S,T,A,I,V,P,F,G,G,I,L,K,V,K,S,S,R,Q,M,F,T,C,I,W,R,Q,N,1
538,T,S,I,A,I,V,P,F,G,G,I,L,K,V,K,S,S,R,Q,M,F,T,C,I,W,R,Q,N,1
539,S,S,I,A,I,V,P,F,G,G,I,L,K,V,K,S,S,R,Q,M,F,T,C,I,W,R,Q,N,0
540,T,S,I,A,I,V,P,F,G,G,I,L,K,V,K,S,S,R,Q,M,F,T,C,I,W,R,Q,N,1
541,S,S,I,A,I,V,P,F,G,G,I,L,K,V,K,S,S,R,Q,M,F,T,C,I,W,R,Q,N,0
542,S,S,I,A,I,V,P,F,G,G,I,L,K,V,K,S,S,R,Q,M,F,T,C,I,W,R,Q,N,0
543,S,S,I,A,I,V,P,F,G,G,I,L,K,V,K,S,S,R,Q,M,F,T,C,I,W,R,Q,N,0
544,S,S,I,A,I,A,P,F,G,G,I,L,K,V,K,S,S,R,Q,M,F,T,C,I,W,R,Q,N,0
545,S,S,I,A,I,V,P,F,G,G,I,L,K,V,K,S,S,R,Q,M,F,T,C,I,W,R,Q,N,0
546,S,S,I,A,V,V,P,F,G,G,I,L,K,V,K,S,S,R,Q,M,F,T,C,I,W,R,Q,N,1
547,S,S,I,A,I,V,P,F,G,G,I,L,K,V,K,S,S,R,Q,M,F,T,C,I,W,R,Q,N,0
548,T,S,I,A,I,V,P,F,G,G,I,L,K,V,K,S,S,R,Q,M,F,T,C,I,W,R,Q,N,1
549,S,S,I,A,I,V,P,F,G,G,I,L,K,V,K,S,S,R,Q,M,F,T,C,I,W,R,Q,N,0
550,S,S,I,A,I,V,P,F,G,G,I,L,K,V,K,S,S,R,Q,M,F,T,C,I,W,R,Q,N,0
551,S,S,I,A,I,V,P,F,G,G,I,L,K,V,K,S,S,R,Q,M,F,T,C,I,W,R,Q,N,0
552,S,S,T,A,I,V,P,F,G,G,I,L,K,V,K,S,S,R,Q,M,F,T,C,I,W,R,Q,N,1
553,T,S,I,A,I,V,P,F,G,G,I,L,K,V,K,S,S,R,Q,M,F,T,C,I,W,R,Q,N,1
554,S,S,I,A,I,V,P,F,G,G,I,L,K,V,K,S,S,R,Q,M,F,T,C,I,W,R,Q,N,0
555,S,S,I,A,I,V,P,F,G,G,I,L,K,V,K,S,S,R,Q,M,F,T,C,I,W,R,Q,N,0
556,S,A,I,A,I,V,P,F,G,G,I,L,K,V,K,S,S,R,Q,M,F,T,C,I,W,R,Q,N,1
557,S,S,I,A,I,V,P,F,G,G,I,L,K,V,K,S,S,R,Q,M,F,T,C,I,W,R,Q,N,0
558,S,S,I,A,I,V,P,F,G,G,I,L,K,V,K,S,S,R,Q,M,F,T,C,I,W,R,Q,N,0
559,T,S,I,A,I,V,P,F,G,G,I,L,K,V,K,S,S,R,Q,M,F,T,C,I,W,R,Q,N,1
560,S,S,I,A,I,V,P,F,G,G,I,L,K,V,K,S,S,R,Q,M,F,T,C,I,W,R,Q,N,0
561,S,S,T,A,I,V,P,F,G,G,I,L,K,V,K,S,S,R,Q,M,F,T,C,I,W,R,Q,N,1
562,S,S,I,A,I,V,P,F,G,G,I,L,K,V,K,S,S,R,Q,M,F,T,C,I,W,R,Q,N,0
563,S,S,I,A,I,V,P,F,G,G,I,L,K,V,K,S,S,R,Q,M,F,T,C,I,W,R,Q,N,0
564,T,S,I,A,I,V,P,F,G,G,I,L,K,V,K,S,S,R,Q,M,F,T,C,I,W,R,Q,N,1
565,S,S,I,A,I,V,P,F,G,G,I,L,K,V,K,S,S,R,Q,M,F,T,C,I,W,R,Q,N,0
566,S,S,I,A,I,V,P,F,G,G,I,L,K,V,K,S,S,R,Q,M,F,T,C,I,W,R,Q,N,0
567,S,S,I,A,I,V,P,F,G,G,I,L,K,V,K,S,S,R,Q,M,F,T,C,I,W,R,Q,N,0
568,S,S,I,A,I,V,P,F,G,G,I,L,K,V,K,S,S,R,Q,M,F,T,C,I,W,R,Q,N,0
569,S,S,I,A,I,V,P,F,G,G,I,L,K,V,K,S,S,R,Q,M,F,T,C,I,W,R,Q,N,0
570,S,S,I,A,I,V,P,F,G,G,I,L,K,V,K,S,S,R,Q,M,F,T,C,I,W,R,Q,N,0
571,T,S,I,A,I,V,P,F,G,G,I,L,K,V,K,S,S,R,Q,M,F,T,C,I,W,R,Q,N,1
572,S,S,I,A,I,V,P,F,G,G,I,L,K,V,K,S,S,R,Q,M,F,T,C,I,W,R,Q,N,0
573,S,S,I,A,I,V,P,F,G,G,I,L,K,V,K,S,S,R,Q,M,F,T,C,I,W,R,Q,N,0
574,S,S,I,A,I,V,P,F,G,G,I,L,K,V,K,S,S,R,Q,M,F,T,C,I,W,R,Q,N,0
575,S,S,I,A,T,V,P,F,G,G,I,L,K,V,K,S,S,R,Q,M,F,T,C,I,W,R,Q,N,1
576,S,S,I,A,I,V,P,F,G,G,I,L,K,V,K,S,S,R,Q,M,F,T,C,I,W,R,Q,N,0
577,S,S,I,A,I,V,P,F,G,G,I,L,K,V,K,S,S,R,Q,M,F,T,C,I,W,R,Q,N,0
578,S,S,I,A,I,V,P,F,G,G,I,L,K,V,K,S,S,R,Q,M,F,T,C,I,W,R,Q,N,0
579,S,S,I,A,I,V,P,F,G,G,I,L,K,V,K,S,S,R,Q,M,F,T,C,I,W,R,Q,N,0
580,S,S,I,A,I,V,P,F,G,G,I,L,K,V,K,S,S,R,Q,M,F,T,C,I,W,R,Q,N,0
581,S,S,I,A,I,V,P,F,G,G,I,L,K,V,K,S,S,R,Q,M,F,T,C,I,W,R,Q,N,0
582,S,S,I,A,I,V,P,F,G,G,I,L,K,V,K,S,S,R,Q,M,F,T,C,I,W,R,Q,N,0
583,S,S,I,A,I,V,P,F,G,G,I,L,K,V,K,S,S,R,Q,M,F,T,C,I,W,R,Q,N,0
584,S,S,I,A,I,V,P,F,G,G,I,L,K,V,K,S,S,R,Q,M,F,T,C,I,W,R,Q,N,0
585,S,S,I,A,I,V,P,F,G,G,I,L,K,V,K,S,S,R,Q,M,F,T,C,I,W,R,Q,N,0
586,S,A,I,A,I,V,P,F,G,G,I,L,K,V,K,S,S,R,Q,M,F,T,C,I,W,R,Q,N,1
587,S,S,I,A,I,V,P,F,G,G,I,L,K,V,K,S,S,R,Q,M,F,T,C,I,W,R,Q,N,1
588,S,S,I,A,I,V,P,F,G,G,I,L,K,V,K,S,S,R,Q,M,F,T,C,I,W,R,Q,N,0
589,T,S,I,A,I,V,P,F,G,G,I,L,K,V,K,S,S,R,Q,M,F,T,C,I,W,R,Q,N,1
590,S,S,I,A,I,V,P,F,G,G,I,L,K,V,K,S,S,R,Q,M,F,T,C,I,W,R,Q,N,0
591,S,S,I,A,I,V,P,F,G,G,I,L,K,V,K,S,S,R,Q,M,F,T,C,I,W,R,Q,N,0
592,S,S,I,A,I,V,P,F,G,G,I,L,K,V,K,S,S,R,Q,M,F,T,C,I,W,R,Q,N,0
593,S,S,I,A,I,V,P,F,G,G,I,L,K,V,K,S,S,R,Q,M,F,T,C,I,W,R,Q,N,0
594,S,A,I,A,I,V,P,F,G,G,I,L,K,V,K,S,S,R,Q,M,F,T,C,I,W,R,Q,N,1
595,S,S,I,A,I,V,P,F,G,G,I,L,K,V,K,S,S,R,Q,M,F,T,C,I,W,R,Q,N,0
596,S,S,I,A,I,V,P,F,G,G,I,L,K,V,K,S,S,R,Q,M,F,T,C,I,W,R,Q,N,0
597,S,S,I,A,I,V,P,F,G,G,I,L,K,V,K,S,S,R,Q,M,F,T,C,I,W,R,Q,N,0
598,S,S,I,A,I,V,P,F,G,G,I,L,K,V,K,S,S,R,Q,M,F,T,C,I,W,R,Q,N,0
599,S,S,I,A,I,V,P,F,G,G,I,L,K,V,K,S,S,R,Q,M,F,T,C,I,W,R,Q,N,0
600,S,S,I,A,I,V,P,F,G,G,I,L,K,V,K,S,S,R,Q,M,F,T,C,I,W,R,Q,N,0
601,S,S,I,A,I,V,P,F,G,G,I,L,K,V,K,S,S,R,Q,M,F,T,C,I,W,R,Q,N,0
602,S,S,I,A,I,V,P,F,G,G,I,L,K,V,K,S,S,R,Q,M,F,T,C,I,W,R,Q,N,0
603,S,S,I,A,I,V,P,F,G,G,I,L,K,V,K,S,S,R,Q,M,F,T,C,I,W,R,Q,N,0
604,S,S,I,A,I,V,P,F,G,G,I,L,K,V,K,S,S,R,Q,M,F,T,C,I,W,R,Q,N,0
605,S,S,I,A,I,V,P,F,G,G,I,L,K,V,K,S,S,R,Q,M,F,T,C,I,W,R,Q,N,0
606,T,S,I,A,I,V,P,F,G,G,I,L,K,V,K,S,S,R,Q,M,F,T,C,I,W,R,Q,N,1
607,T,S,I,A,I,V,P,F,G,G,I,L,K,V,K,S,S,R,Q,M,F,T,C,I,W,R,Q,N,1
608,S,S,T,A,I,V,P,F,G,G,I,L,K,V,K,S,S,R,Q,M,F,T,C,I,W,R,Q,N,0
609,S,S,I,A,I,V,P,F,G,G,I,L,K,V,K,S,S,R,Q,M,F,T,C,I,W,R,Q,N,0
610,H,S,I,A,I,V,P,F,G,R,D,L,K,V,K,S,S,P,Q,M,F,D,C,I,W,*,D,E,0
611,S,S,I,A,I,V,P,F,G,G,I,L,K,V,K,S,S,R,Q,M,F,T,C,I,W,R,Q,N,0
612,T,S,I,A,I,V,P,F,G,G,I,L,K,V,K,S,S,R,Q,M,F,T,C,I,W,R,Q,N,1
613,S,S,I,A,I,V,P,F,G,G,I,L,K,V,K,S,S,R,Q,M,F,T,C,I,W,R,Q,N,0
614,S,S,I,A,I,V,P,F,G,G,I,L,K,V,K,S,S,R,Q,M,F,T,C,I,W,R,Q,N,0
615,S,S,I,A,I,V,P,F,G,G,I,L,K,V,K,S,S,P,Q,M,F,D,C,I,W,R,Q,E,0
616,S,S,I,A,I,V,P,F,G,G,I,L,K,V,K,S,S,R,Q,M,F,T,C,I,W,R,Q,N,0
617,S,S,I,A,I,V,P,F,G,G,I,L,K,V,K,S,S,R,Q,M,F,T,C,I,W,R,Q,N,0
618,S,S,I,A,I,V,P,F,G,G,I,L,K,V,K,S,S,R,Q,M,F,T,C,I,W,R,Q,N,0
619,S,S,I,A,I,V,P,F,G,G,I,L,K,V,K,S,S,R,Q,M,F,T,C,I,W,R,Q,N,0
620,S,S,I,A,I,V,P,F,G,G,I,L,K,V,K,S,S,R,Q,M,F,T,C,I,W,R,Q,N,0
621,S,S,I,A,I,V,P,F,G,G,I,L,K,V,K,S,S,R,Q,M,F,T,C,I,W,R,Q,N,0
622,S,S,I,A,I,V,P,F,G,G,I,L,K,V,K,S,S,R,Q,M,F,T,C,I,W,R,Q,N,0
623,S,S,I,A,I,V,P,F,G,G,I,L,K,V,K,S,S,R,Q,M,F,T,C,I,W,R,Q,N,0
624,S,S,I,A,I,V,P,F,G,G,I,L,K,V,K,S,S,R,Q,M,F,T,C,I,W,R,Q,N,0
625,S,S,I,A,I,V,P,F,G,G,I,L,K,V,K,S,S,R,Q,M,F,T,C,I,W,R,Q,N,0
626,T,S,I,A,I,V,P,F,G,G,I,L,K,V,K,S,S,R,Q,M,F,T,C,I,W,R,Q,N,1
627,S,S,I,A,I,V,P,F,G,G,I,L,K,V,K,S,S,R,Q,M,F,T,C,I,W,R,Q,N,0
628,S,S,I,A,I,V,P,F,G,G,I,L,K,V,K,S,S,R,Q,M,F,T,C,I,W,R,Q,N,0
629,S,S,I,A,I,V,P,F,G,G,I,L,K,V,K,S,S,R,Q,M,F,T,C,I,W,R,Q,N,0
630,S,S,I,A,I,V,P,F,G,G,I,L,K,V,K,S,S,R,Q,M,F,T,C,I,W,R,Q,N,0
631,S,S,I,A,I,V,P,F,G,G,I,L,K,V,K,S,S,R,Q,M,F,T,C,I,W,R,Q,N,0
632,S,S,I,A,I,V,P,F,G,G,I,L,K,V,K,S,S,R,Q,M,F,T,C,I,W,R,Q,N,0
633,S,S,I,A,I,V,P,F,G,G,I,L,K,V,K,S,S,R,Q,M,F,T,C,I,W,R,Q,N,0
634,T,S,I,A,I,V,P,F,G,G,I,L,K,V,K,S,S,R,Q,M,F,T,C,I,W,R,Q,N,1
635,S,S,I,A,I,V,P,F,G,G,I,L,K,V,K,S,S,R,Q,M,F,T,C,I,W,R,Q,N,0
636,S,S,I,A,I,V,P,F,G,G,I,L,K,V,K,S,S,R,Q,M,F,T,C,I,W,R,Q,N,0
637,S,S,I,A,I,V,P,F,G,G,I,L,K,V,K,S,S,R,Q,M,F,T,C,I,W,R,Q,N,0
638,S,S,I,A,I,V,P,F,G,G,I,L,K,V,K,S,S,R,Q,M,F,T,C,I,W,R,Q,N,0
639,S,S,I,A,I,V,P,F,G,G,I,L,K,V,K,S,S,R,Q,M,F,T,C,I,W,R,Q,N,0
640,S,S,I,A,I,V,P,F,G,G,I,L,K,V,K,S,S,R,Q,M,F,T,C,I,W,R,Q,N,0
641,T,S,I,A,I,V,P,F,G,G,I,L,K,V,K,S,S,R,Q,M,F,T,C,I,W,R,Q,N,1
642,S,S,I,A,I,V,P,F,G,G,I,L,K,V,K,S,S,R,Q,M,F,T,C,I,W,R,Q,N,0
643,S,S,I,A,I,V,P,F,G,G,I,L,K,V,K,S,S,R,Q,M,F,T,C,I,W,R,Q,N,0
644,S,S,I,A,I,V,P,F,G,G,I,L,K,V,K,S,S,R,Q,M,F,T,C,I,W,R,Q,N,0
645,S,S,I,A,I,V,P,F,G,G,I,L,K,V,K,S,S,R,Q,M,F,T,C,I,W,R,Q,N,0
646,S,S,I,A,I,V,P,F,G,G,I,L,K,V,K,S,S,R,Q,M,F,T,C,I,W,R,Q,N,0
647,S,S,I,A,I,V,P,F,G,G,I,L,K,V,K,S,S,R,Q,M,F,T,C,I,W,R,Q,N,0
648,S,S,I,A,I,V,P,F,G,G,I,L,K,V,K,S,S,R,Q,M,F,T,C,I,W,R,Q,N,0
649,S,S,I,A,I,V,P,F,G,G,I,L,K,V,K,S,S,R,Q,M,F,T,C,I,W,R,Q,N,0
650,S,S,I,A,I,V,P,F,G,G,I,L,K,V,K,S,S,R,Q,M,F,T,C,I,W,R,Q,N,0
651,S,S,I,A,I,V,P,F,G,G,I,L,K,V,K,S,S,R,Q,M,F,T,C,I,W,R,Q,N,0
652,S,S,I,A,I,V,P,F,G,G,I,L,K,V,K,S,S,R,Q,M,F,T,C,I,W,R,Q,N,0
653,S,S,I,A,I,V,P,F,G,G,I,L,K,V,K,S,S,R,Q,M,F,T,C,I,W,R,Q,N,0
654,T,S,I,A,I,V,P,F,G,G,I,L,K,V,K,S,S,R,Q,M,F,T,C,I,W,R,Q,N,0
655,S,S,I,A,I,V,P,F,G,G,I,L,K,V,K,S,S,R,Q,M,F,T,C,I,W,R,Q,N,0
656,S,S,I,A,I,V,P,F,G,G,I,L,K,V,K,S,S,R,Q,M,F,T,C,I,W,R,Q,N,0
657,S,S,I,A,I,V,P,F,G,G,I,L,K,V,K,S,S,R,Q,M,F,T,C,I,W,R,Q,N,0
658,T,S,I,A,I,V,P,F,G,G,I,L,K,V,K,S,S,R,Q,M,F,T,C,I,W,R,Q,N,1
659,S,S,I,A,I,V,P,F,G,G,I,L,K,V,K,S,S,R,Q,M,F,T,C,I,W,R,Q,N,0
660,S,S,I,A,I,V,P,F,G,G,I,L,K,V,K,S,S,R,Q,M,F,T,C,I,W,R,Q,N,0
661,T,S,I,A,I,V,P,F,G,G,I,L,K,V,K,S,S,R,Q,M,F,T,C,I,W,R,Q,N,1
662,S,S,I,A,I,V,P,F,G,G,I,L,K,V,K,S,S,R,Q,M,F,T,C,I,W,R,Q,N,0
663,S,S,I,A,I,V,P,F,G,G,I,L,K,V,K,S,S,R,Q,M,F,T,C,I,W,R,Q,N,0
664,S,S,I,A,I,V,P,F,G,G,I,L,K,V,K,S,S,R,Q,M,F,T,C,I,W,R,Q,N,0
665,S,S,I,A,I,V,P,F,G,G,I,L,K,V,K,S,S,R,Q,M,F,T,C,I,W,R,Q,N,0
666,S,S,I,A,I,V,P,F,G,G,I,L,K,V,K,S,S,R,Q,M,F,T,C,I,W,R,Q,N,0
667,S,S,I,A,I,V,P,F,G,G,I,L,K,V,K,S,S,R,Q,M,F,T,C,I,W,R,Q,N,0
668,S,S,I,A,I,V,P,F,G,G,I,L,K,V,K,S,S,R,Q,M,F,T,C,I,W,R,Q,N,0
669,S,S,I,A,I,V,P,F,G,G,I,L,K,V,K,S,S,R,Q,M,F,T,C,I,W,R,Q,N,0
670,T,S,I,A,I,V,P,F,G,G,I,L,K,V,K,S,S,R,Q,M,F,T,C,I,W,R,Q,N,1
671,S,S,I,A,I,V,P,F,G,G,I,L,K,V,K,S,S,R,Q,M,F,T,C,I,W,R,Q,N,1
672,S,S,I,A,I,V,P,F,G,G,I,L,K,V,K,S,S,R,Q,M,F,T,C,I,W,R,Q,N,0
673,S,S,I,A,I,V,P,F,G,G,I,L,K,V,K,S,S,R,Q,M,F,T,C,I,W,R,Q,N,0
674,T,S,I,A,I,V,P,F,G,G,I,L,K,V,K,S,S,R,Q,M,F,T,C,I,W,R,Q,N,1
675,S,S,I,A,I,V,P,F,G,G,I,L,K,V,K,S,S,R,Q,M,F,T,C,I,W,R,Q,N,0
676,S,S,I,A,I,V,P,F,G,G,I,L,K,V,K,S,S,R,Q,M,F,T,C,I,W,R,Q,N,0
677,S,S,I,A,I,V,P,F,G,G,I,L,K,V,K,S,S,R,Q,M,F,T,C,I,W,R,Q,N,0
678,T,S,I,A,I,V,P,F,G,G,I,L,K,V,K,S,S,R,Q,M,F,T,C,I,W,R,Q,N,1
679,T,S,I,A,I,V,P,F,G,G,I,L,K,V,K,S,S,R,Q,M,F,T,C,I,W,R,Q,N,1
680,S,S,I,A,I,V,P,F,G,G,I,L,K,V,K,S,S,R,Q,M,F,T,C,I,W,R,Q,N,0
681,S,S,I,A,I,V,P,F,G,G,I,L,K,V,K,S,S,R,Q,M,F,T,C,I,W,R,Q,N,0
682,S,S,I,A,I,V,P,F,G,G,I,L,K,V,K,S,S,R,Q,M,F,T,C,I,W,R,Q,N,0
683,S,S,I,A,I,V,P,F,G,G,I,L,K,V,K,S,S,R,Q,M,F,T,C,I,W,R,Q,N,0
684,S,S,I,A,I,V,P,F,G,G,I,L,K,V,K,S,S,R,Q,M,F,T,C,I,W,R,Q,N,0
685,S,S,I,A,I,V,P,F,G,G,I,L,K,V,K,S,S,R,Q,M,F,T,C,I,W,R,Q,N,0
686,S,S,I,A,I,V,P,F,G,G,I,L,K,V,K,S,S,R,Q,M,F,T,C,I,W,R,Q,N,0
687,T,S,I,A,I,V,P,F,G,G,V,L,K,V,K,S,S,R,Q,M,F,T,C,I,W,R,Q,N,1
688,T,S,I,A,I,V,P,F,G,G,V,L,K,V,K,S,S,R,Q,M,F,T,C,I,W,R,Q,N,1
689,S,S,I,A,I,V,P,F,G,G,I,L,K,V,K,S,S,R,Q,M,F,T,C,I,W,R,Q,N,0
690,S,S,I,A,I,V,P,F,G,G,I,L,K,V,K,S,S,R,Q,M,F,T,C,I,W,R,Q,N,0
691,S,S,I,A,I,V,P,F,G,G,I,L,K,V,K,S,S,R,Q,M,F,T,C,I,W,R,Q,N,0
692,S,S,I,A,I,V,P,F,G,G,I,L,K,V,K,S,S,R,Q,M,F,T,C,I,W,R,Q,N,0
693,S,S,I,A,I,V,P,F,G,G,I,L,K,V,K,S,S,R,Q,M,F,T,C,I,W,R,Q,N,1
694,S,A,I,A,I,V,P,F,G,G,I,L,K,V,K,S,S,R,Q,M,F,T,C,I,W,R,Q,N,1
695,S,S,I,A,I,V,P,F,G,G,I,L,K,V,K,S,S,R,Q,M,F,T,C,I,W,R,Q,N,1
696,S,S,I,A,I,V,P,F,G,G,I,L,K,V,K,S,S,R,Q,M,F,T,C,I,W,R,Q,N,0
697,T,S,I,A,I,V,P,F,G,G,I,L,K,V,K,S,S,R,Q,M,F,T,C,I,W,R,Q,N,1
698,S,S,I,A,I,V,P,F,G,G,I,L,K,V,K,S,S,R,Q,M,F,T,C,I,W,R,Q,N,0
699,T,S,I,A,I,V,P,F,G,G,I,L,K,V,K,S,S,R,Q,M,F,T,C,I,W,R,Q,N,1
700,S,S,I,A,I,V,P,F,G,G,I,L,K,V,K,S,S,R,Q,M,F,T,C,I,W,R,Q,N,0
701,S,S,I,A,I,V,P,F,G,G,I,L,K,V,K,S,S,R,Q,M,F,T,C,I,W,R,Q,N,0
702,S,S,I,A,I,V,P,F,G,G,I,L,K,V,K,S,S,R,Q,M,F,T,C,I,W,R,Q,N,0
703,S,S,I,A,I,V,P,F,G,G,I,L,K,V,K,S,S,R,Q,M,F,T,C,I,W,R,Q,N,0
704,S,S,I,A,I,V,P,F,G,G,I,L,K,V,K,S,S,R,Q,M,F,T,C,I,W,R,Q,N,0
705,S,S,I,A,I,V,P,F,G,G,I,L,K,V,K,S,S,R,Q,M,F,T,C,I,W,R,Q,N,0
706,S,S,I,A,I,V,P,F,G,G,I,L,K,V,K,S,S,R,Q,M,F,T,C,I,W,R,Q,N,0
707,S,S,I,A,I,V,P,F,G,G,I,L,K,V,K,S,S,R,Q,M,F,T,C,I,W,R,Q,N,0
708,S,S,I,A,I,V,P,F,G,G,I,L,K,V,K,S,S,R,Q,M,F,T,C,I,W,R,Q,N,0
709,S,S,I,A,I,V,P,F,G,G,I,L,K,V,K,S,S,R,Q,M,F,T,C,I,W,R,Q,N,0
710,S,S,I,A,I,L,P,F,G,G,I,L,K,V,K,S,S,R,Q,M,F,T,C,I,W,R,Q,N,1
711,T,S,I,A,I,V,P,F,G,G,I,L,K,V,K,S,S,R,Q,M,F,T,C,I,W,R,Q,N,1
712,S,S,I,A,I,V,P,F,G,G,I,L,K,V,K,S,S,R,Q,M,F,T,C,I,W,R,Q,N,0
713,S,S,I,A,I,V,P,F,G,G,I,L,K,V,K,S,S,R,Q,M,F,T,C,I,W,R,Q,N,0
714,S,S,I,A,I,V,P,F,G,G,I,L,K,V,K,S,S,R,Q,M,F,T,C,I,W,R,Q,N,0
715,S,S,I,A,I,V,P,F,G,G,I,L,K,V,K,S,S,R,Q,M,F,T,C,I,W,R,Q,N,0
716,S,S,I,A,I,V,P,F,G,G,I,L,K,V,K,S,S,R,Q,M,F,T,C,I,W,R,Q,N,0
717,S,S,I,A,I,V,P,F,G,G,I,L,K,V,K,S,S,R,Q,M,F,T,C,I,W,R,Q,N,0
718,T,S,I,A,I,V,P,F,G,G,I,L,K,V,K,S,S,R,Q,M,F,T,C,I,W,R,Q,N,0
719,S,S,I,A,I,V,P,F,G,G,I,L,K,V,K,S,S,R,Q,M,F,T,C,I,W,R,Q,N,0
720,T,S,I,A,I,V,P,F,G,G,I,L,K,V,K,S,S,R,Q,M,F,T,C,I,W,R,Q,N,1
721,S,S,I,A,I,V,P,F,G,G,I,L,K,V,K,S,S,R,Q,M,F,T,C,I,W,R,Q,N,0
722,S,S,I,A,I,V,P,F,G,G,I,L,K,V,K,S,S,R,Q,M,F,T,C,I,W,R,Q,N,0
723,S,S,I,A,I,V,P,F,G,G,I,L,K,V,K,S,S,R,Q,M,F,T,C,I,W,R,Q,N,0
724,S,S,I,A,I,V,P,F,G,G,I,L,K,V,K,S,S,R,Q,M,F,T,C,I,W,R,Q,N,0
725,S,S,I,A,I,V,P,F,G,G,I,L,K,V,K,S,S,R,Q,M,F,T,C,I,W,R,P,N,1
726,S,S,I,A,I,V,P,F,G,G,I,L,K,V,K,S,S,R,Q,M,F,T,C,I,W,R,Q,N,0
727,S,S,I,A,I,V,P,F,G,G,I,L,K,V,K,S,S,R,Q,M,F,T,C,I,W,R,Q,N,0
728,S,S,I,A,I,V,P,F,G,G,I,L,K,V,K,S,S,R,Q,M,F,T,C,I,W,R,Q,N,0
729,T,S,I,A,I,V,P,F,G,G,I,L,K,V,K,S,S,R,Q,M,F,T,C,I,W,R,Q,N,1
730,S,S,I,A,I,V,P,F,G,G,I,L,K,V,K,S,S,R,Q,M,F,T,C,I,W,R,Q,N,0
731,S,S,I,A,I,V,P,F,G,G,I,L,K,V,K,S,S,R,Q,M,F,T,C,I,W,R,Q,N,0
732,S,S,I,A,I,V,P,F,G,G,I,L,K,V,K,S,S,R,Q,M,F,T,C,I,W,R,Q,N,0
733,S,S,I,A,I,V,P,F,G,G,I,L,K,V,K,S,S,R,Q,M,F,T,C,I,W,R,Q,N,0
734,S,S,I,A,I,V,P,F,G,G,I,L,K,V,K,S,S,R,Q,M,F,T,C,I,W,R,Q,N,0
735,S,S,I,A,I,V,P,F,G,G,I,L,K,V,K,S,S,R,Q,M,F,T,C,I,W,R,Q,N,1
736,S,S,I,A,I,V,P,F,G,G,I,L,K,V,K,S,S,R,Q,M,F,T,C,I,W,R,Q,N,0
737,S,S,I,A,I,V,P,F,G,G,I,L,K,V,K,S,S,R,Q,M,F,T,C,I,W,R,Q,N,0
738,S,S,I,A,I,V,P,F,G,G,I,L,K,V,K,S,S,R,Q,M,F,T,C,I,W,R,Q,N,0
739,S,S,I,A,I,V,P,F,G,G,I,L,K,V,K,S,S,R,Q,M,F,T,C,I,R,R,Q,N,1
740,S,S,I,A,I,V,P,F,G,G,I,L,K,V,K,S,S,R,Q,M,F,T,C,I,W,R,Q,N,0
741,S,S,I,A,I,V,P,F,G,G,I,L,K,V,K,S,S,R,Q,M,F,T,C,I,W,R,Q,N,0
742,S,S,I,A,I,V,P,F,G,G,I,L,K,V,K,S,S,R,Q,M,F,T,C,I,W,R,Q,N,0
743,T,S,I,A,I,V,P,F,G,G,I,L,K,V,K,S,S,R,Q,M,F,T,C,I,W,R,Q,N,1
744,S,S,I,A,I,V,P,F,G,G,I,L,K,V,K,S,S,R,Q,M,F,T,C,I,W,R,Q,N,0
745,S,S,I,A,I,V,P,F,G,G,I,L,K,V,K,S,S,R,Q,M,F,T,C,I,W,R,Q,N,0
746,S,S,I,A,I,V,P,F,G,G,I,L,K,V,K,S,S,R,Q,M,F,T,C,I,W,R,Q,N,0
747,S,S,I,A,I,V,P,F,G,G,I,L,K,V,K,S,S,R,Q,M,F,T,C,I,W,R,Q,N,0
748,S,S,I,A,I,V,P,F,G,G,I,L,K,V,K,S,S,R,Q,M,F,T,C,I,W,R,Q,N,0
749,S,S,I,A,I,V,P,F,G,G,I,L,K,V,K,S,S,R,Q,M,F,T,C,I,W,R,Q,N,0
750,T,S,I,A,I,V,P,F,G,G,I,L,K,V,K,S,S,R,Q,M,F,T,C,I,W,R,Q,N,1
751,S,S,I,A,I,V,P,F,G,G,I,L,K,V,K,S,S,R,Q,M,F,T,C,I,W,R,Q,N,0
752,S,S,I,A,I,V,P,F,G,G,I,L,K,V,K,S,S,R,Q,M,F,T,C,I,W,R,Q,N,0
753,S,S,I,A,I,V,P,F,G,G,I,L,K,V,K,S,S,R,Q,M,F,T,C,I,W,R,Q,N,0
754,T,S,I,A,I,V,P,F,G,G,I,L,K,V,K,S,S,R,Q,M,F,T,C,I,W,R,Q,N,1
755,S,S,I,A,I,V,P,F,G,G,I,L,K,V,K,S,S,R,Q,M,F,T,C,I,W,R,Q,N,0
756,S,S,I,A,I,V,P,F,G,G,I,L,K,V,K,S,S,R,Q,M,F,T,C,I,W,R,Q,N,0
757,S,S,I,A,I,V,P,F,G,G,I,L,K,V,K,S,S,R,Q,M,F,T,C,I,W,R,Q,N,0
758,S,S,I,A,I,V,P,F,G,G,I,L,K,V,K,S,S,R,Q,M,F,T,C,I,W,R,Q,N,0
759,S,S,I,A,I,V,P,F,G,G,I,L,K,V,K,S,S,R,Q,M,F,T,C,I,W,R,Q,N,0
760,S,S,I,A,I,V,P,F,G,G,I,L,K,V,K,S,S,R,Q,M,F,T,C,I,W,R,Q,N,0
761,S,S,I,A,I,V,P,F,G,G,I,L,K,V,K,S,S,R,Q,M,F,T,C,I,W,R,Q,N,1
762,S,S,I,A,T,V,P,F,G,G,I,L,K,V,K,S,S,R,Q,M,F,T,C,I,W,R,Q,N,1
763,S,S,I,A,I,V,P,F,G,G,I,L,K,V,K,S,S,R,Q,M,F,T,C,I,W,R,Q,N,0
764,S,S,I,A,I,V,P,F,G,G,I,L,K,V,K,S,S,R,Q,M,F,T,C,I,G,R,Q,N,0
765,S,S,I,A,I,V,P,F,G,G,I,L,K,V,K,S,S,R,Q,M,F,T,C,I,W,R,Q,N,0
766,S,S,I,A,I,V,P,F,G,G,I,L,K,V,K,S,S,R,Q,M,F,T,C,I,W,R,Q,N,0
767,T,S,I,A,I,V,P,F,G,G,I,L,K,V,K,S,S,R,Q,M,F,T,C,I,W,R,Q,N,0
768,S,S,I,A,I,V,P,F,G,G,I,L,K,V,K,S,S,R,Q,M,F,T,C,I,W,R,Q,N,0
769,S,S,I,A,I,V,P,F,G,G,I,L,K,V,K,S,S,R,Q,M,F,T,C,I,W,R,Q,N,0
770,S,S,I,A,I,V,P,F,G,G,I,L,K,V,K,S,S,R,Q,M,F,T,C,I,W,R,Q,N,0
771,S,S,I,A,I,V,P,F,G,G,I,L,K,V,K,S,S,R,Q,M,F,T,C,I,W,R,Q,N,0
772,S,S,I,A,I,V,P,F,G,G,I,L,K,V,K,S,S,R,Q,M,F,T,C,I,W,R,Q,N,0
773,S,S,I,A,I,V,P,F,G,G,I,L,K,V,K,S,S,R,Q,M,F,T,C,I,W,R,Q,N,0
774,S,S,I,A,I,V,P,F,G,G,I,L,K,V,K,S,S,R,Q,M,F,T,C,I,W,R,Q,N,0
775,S,S,I,A,I,V,P,F,G,G,I,L,K,V,K,S,S,R,Q,M,F,T,C,I,W,R,Q,N,0
776,S,S,I,A,I,V,P,F,G,G,I,L,K,V,K,S,S,R,Q,M,F,T,C,I,W,R,Q,N,0
777,S,S,I,A,I,V,P,F,G,G,I,L,K,V,K,S,S,R,Q,M,F,T,C,I,W,R,Q,N,0
778,T,S,I,A,I,V,P,F,G,G,I,L,K,V,K,S,S,R,Q,M,F,T,C,I,W,W,Q,N,1
779,S,S,I,A,I,V,P,F,G,G,I,L,K,V,K,S,S,R,Q,M,F,T,C,I,W,R,Q,N,0
780,S,S,I,A,I,V,P,F,G,G,I,L,K,V,K,S,S,R,Q,M,F,T,C,I,W,R,Q,N,0
781,S,S,I,A,I,V,P,F,G,G,I,L,K,V,K,S,S,R,Q,M,F,T,C,I,W,R,Q,N,0
782,S,S,I,A,I,V,P,F,G,G,I,L,K,V,K,S,S,R,Q,M,F,T,C,I,W,R,Q,N,0
783,S,S,I,A,I,V,P,F,G,G,I,L,K,V,K,S,S,R,Q,M,F,T,C,I,W,R,Q,N,0
784,S,S,I,A,I,V,P,F,G,G,I,L,K,V,K,S,S,R,Q,M,F,T,C,I,W,R,Q,N,0
785,S,S,I,A,I,V,P,F,G,G,I,L,K,V,K,S,S,R,Q,M,F,T,C,I,W,R,Q,N,0
786,S,S,I,A,I,V,P,F,G,G,I,L,K,V,K,S,S,R,Q,M,F,T,C,I,W,R,Q,N,0
787,S,S,I,A,I,V,P,F,G,G,I,L,K,V,K,S,S,R,Q,M,F,T,C,I,W,R,Q,N,0
788,S,S,I,A,I,V,P,F,G,G,I,L,K,V,K,S,S,R,Q,M,F,T,C,I,W,R,Q,N,0
789,S,S,I,A,I,V,P,F,G,G,I,L,K,V,K,S,S,R,Q,M,F,T,C,I,W,R,Q,N,0
790,T,S,I,A,I,V,P,F,G,G,I,L,K,V,K,S,S,R,Q,M,F,T,C,I,W,R,Q,N,1
791,S,S,I,A,I,V,P,F,G,G,I,L,K,V,K,S,S,R,Q,M,F,T,C,I,W,R,Q,N,0
792,S,S,I,A,I,V,P,F,G,G,I,L,K,V,K,S,S,R,Q,M,F,T,C,I,W,R,Q,N,0
793,S,S,I,A,I,V,P,F,G,G,I,L,K,V,K,S,S,R,Q,M,F,T,C,I,W,R,Q,N,0
794,S,S,I,A,I,V,P,F,G,G,I,L,K,V,K,S,S,R,Q,M,F,T,C,I,W,R,Q,N,0
795,S,S,I,A,I,V,P,F,G,G,I,L,K,V,K,S,S,R,Q,M,F,T,C,I,W,R,Q,N,0
796,S,S,I,A,I,V,P,F,G,G,I,L,K,V,K,S,S,R,Q,M,F,T,C,I,W,R,Q,N,0
797,S,S,I,A,I,V,P,F,G,G,I,L,K,V,K,S,S,R,Q,M,F,T,C,I,W,R,Q,N,0
798,S,S,I,A,I,V,P,F,G,G,I,L,K,V,K,S,S,R,Q,M,F,T,C,I,W,R,Q,N,0
799,S,S,I,A,I,V,P,F,G,G,I,L,K,V,K,S,S,R,Q,M,F,T,C,I,W,R,Q,N,0
800,S,S,I,A,I,V,P,F,G,G,I,L,K,V,K,S,S,R,Q,M,F,T,C,I,W,R,Q,N,0
801,S,S,I,A,I,V,P,F,G,G,I,L,K,V,K,S,S,R,Q,M,F,T,C,I,W,R,Q,N,0
802,S,S,I,A,I,V,P,F,G,G,I,L,K,V,K,S,S,R,Q,M,F,T,C,I,W,R,Q,N,0
803,S,S,I,A,I,V,P,F,G,G,I,L,K,V,K,S,S,R,Q,M,F,T,C,I,W,R,Q,N,0
804,S,S,I,A,I,V,P,F,G,G,I,L,K,V,K,S,S,R,Q,M,F,T,C,I,W,R,Q,N,0
805,S,S,I,A,I,V,P,F,G,G,I,L,K,V,K,S,S,R,Q,M,F,T,C,I,W,R,Q,N,0
806,S,S,I,A,I,V,P,F,G,G,I,L,K,V,K,S,S,R,Q,M,F,T,C,I,W,R,Q,N,0
807,S,S,I,A,I,V,P,F,G,G,I,L,K,V,K,S,S,R,Q,M,F,T,C,I,W,R,Q,N,0
808,S,S,I,A,I,V,P,F,G,G,I,L,K,V,K,S,S,R,Q,M,F,T,C,I,W,R,Q,N,0
809,S,S,I,A,I,V,P,F,G,G,I,L,K,V,K,S,S,R,Q,M,F,T,C,I,W,R,Q,N,0
810,S,S,I,A,I,V,P,F,G,G,I,L,K,V,K,S,S,R,Q,M,F,T,C,I,W,R,Q,N,0
811,S,S,I,A,I,V,P,F,G,G,I,L,K,V,K,S,S,R,Q,M,F,T,C,I,W,R,Q,N,0
812,S,S,I,A,I,V,P,F,G,G,I,L,K,V,K,S,S,R,Q,M,F,T,C,I,W,R,Q,N,0
813,S,S,I,A,I,V,P,F,G,G,I,L,K,V,K,S,S,R,Q,M,F,T,C,I,W,R,Q,N,0
814,S,S,I,A,I,V,P,F,G,G,I,L,K,V,K,S,S,R,Q,M,F,T,C,I,W,R,Q,N,0
815,T,S,I,A,I,V,P,F,G,G,I,L,K,V,K,S,S,R,Q,M,F,T,C,I,W,R,Q,N,1
816,S,S,I,A,I,V,P,F,G,G,I,L,K,V,K,S,S,R,Q,M,F,T,C,I,W,R,Q,N,1
817,S,S,I,A,I,V,P,F,G,G,I,L,K,V,K,S,S,R,Q,M,F,T,C,I,W,R,Q,N,0
818,S,S,I,A,I,V,P,F,G,G,I,L,K,V,K,S,S,R,Q,M,F,T,C,I,W,R,Q,N,0
819,T,S,I,A,I,V,P,F,G,G,I,L,K,V,K,S,S,R,Q,M,F,T,C,I,W,R,Q,N,1
820,S,S,I,A,I,V,P,F,G,G,I,L,K,V,K,S,S,R,Q,M,F,T,C,I,W,R,Q,N,0
821,S,S,I,A,I,V,P,F,G,G,I,L,K,V,K,S,S,R,Q,M,F,T,C,I,W,R,Q,N,0
822,S,S,I,A,I,V,P,F,G,G,I,L,K,V,K,S,S,R,Q,M,F,T,C,I,W,R,Q,N,0
823,S,A,I,A,I,V,P,F,G,G,I,L,K,V,K,S,S,R,Q,M,F,T,C,I,W,R,Q,N,1
824,T,S,I,A,I,V,P,F,G,G,I,L,K,V,K,S,S,R,Q,M,F,T,C,I,W,R,Q,N,1
825,S,S,I,A,I,V,P,F,G,G,I,L,K,V,K,S,S,R,Q,M,F,T,C,I,W,R,Q,N,0
826,S,S,I,A,I,V,P,F,G,G,I,L,K,V,K,S,S,R,Q,M,F,T,C,I,W,R,Q,N,0
827,S,S,I,A,I,V,P,F,G,G,I,L,K,V,K,S,S,R,Q,M,F,T,C,I,W,R,Q,N,0
828,S,S,I,A,I,V,P,F,G,G,I,L,K,V,K,S,S,R,Q,M,F,T,C,I,W,R,Q,N,0
829,S,S,I,A,I,V,P,F,G,G,I,L,K,V,K,S,S,R,Q,M,F,T,C,I,W,R,Q,N,1
830,S,S,I,A,I,V,P,F,G,G,I,L,K,V,K,S,S,R,Q,M,F,T,C,I,W,R,Q,N,0
831,S,S,I,A,I,V,P,F,G,G,I,L,K,V,K,S,S,R,Q,M,F,T,C,I,W,R,Q,N,0
832,S,S,I,A,I,V,P,F,G,G,I,L,K,V,K,S,S,R,Q,M,F,T,C,I,W,R,Q,N,0
833,S,S,I,A,I,V,P,F,G,G,I,L,K,V,K,S,S,R,Q,M,F,T,C,I,W,R,Q,N,0
834,S,S,I,A,I,V,P,F,G,G,I,L,K,V,K,S,S,R,Q,M,F,T,C,I,W,R,Q,N,0
835,T,S,I,A,I,V,P,F,G,G,I,L,K,V,K,S,S,R,Q,M,F,T,C,I,W,R,Q,N,1
836,S,S,I,A,I,V,P,F,G,G,I,L,K,V,K,S,S,R,Q,M,F,T,C,I,W,R,Q,N,0
837,T,S,I,A,I,V,P,F,G,G,I,L,K,V,K,S,S,R,Q,M,F,T,C,I,W,R,Q,N,1
838,S,S,I,A,I,V,P,F,G,G,I,L,K,V,K,S,S,R,Q,M,F,T,C,I,W,R,Q,N,0
839,S,S,I,A,I,V,P,F,G,G,I,L,K,V,K,S,S,R,Q,M,F,T,C,I,W,R,Q,N,0
840,S,S,I,A,I,V,P,F,G,G,I,L,K,V,K,S,S,R,Q,M,F,T,C,I,W,R,Q,N,0
841,S,S,I,A,I,V,P,F,G,G,I,L,K,V,K,S,S,R,Q,M,F,T,C,I,W,R,Q,N,0
842,S,S,I,A,I,V,P,F,G,G,I,L,K,V,K,S,S,R,Q,M,F,T,C,I,W,R,Q,N,0
843,S,S,I,A,I,V,P,F,G,G,I,L,K,V,K,S,S,R,Q,M,F,T,C,I,W,R,Q,N,0
844,S,S,I,A,I,V,P,F,G,G,I,L,K,V,K,S,S,R,Q,M,F,T,C,I,W,R,Q,N,0
845,T,S,I,A,I,V,P,F,G,G,I,L,K,V,K,S,S,R,Q,M,F,T,C,I,W,R,Q,N,1
846,S,S,I,A,I,V,P,F,G,G,I,L,K,V,K,S,S,R,Q,M,F,T,C,I,W,R,Q,N,1
847,S,S,I,A,I,V,P,F,G,G,I,L,K,V,K,S,S,R,Q,M,F,T,C,I,W,R,Q,N,0
848,S,S,I,A,I,V,P,F,G,G,I,L,K,V,K,S,S,R,Q,M,F,T,C,I,W,R,Q,N,0
849,S,S,I,A,I,V,P,F,G,G,I,L,K,V,K,S,S,R,Q,M,F,T,C,I,W,R,Q,N,0
850,T,S,I,A,I,V,P,F,G,G,I,L,K,V,K,S,S,R,Q,M,F,T,C,I,W,R,Q,N,1
851,S,S,I,A,I,V,P,F,G,G,I,L,K,V,K,S,S,R,Q,M,F,T,C,I,W,R,Q,N,0
852,S,S,I,A,I,V,P,F,G,G,I,L,K,V,K,S,S,R,Q,M,F,T,C,I,W,R,Q,N,0
853,S,S,I,A,I,V,P,F,G,G,I,L,K,V,K,S,S,R,Q,M,F,T,C,I,W,R,Q,N,0
854,S,S,I,A,I,V,P,F,G,G,I,L,K,V,K,S,S,R,Q,M,F,T,C,I,W,R,Q,N,0
855,S,S,I,A,I,V,P,F,G,G,I,L,K,V,K,S,S,R,Q,M,F,T,C,I,W,R,Q,N,0
856,S,S,I,A,I,V,P,F,G,G,I,L,K,V,K,S,S,R,Q,M,F,T,C,I,W,R,Q,N,0
857,S,S,I,A,I,V,P,F,G,G,I,L,K,V,K,S,S,R,Q,M,F,T,C,I,W,R,Q,N,0
858,S,S,I,A,I,V,P,F,G,G,I,L,K,V,K,S,S,R,Q,M,F,T,C,I,W,R,Q,N,0
859,S,S,I,A,I,V,P,F,G,G,I,L,K,V,K,S,S,R,Q,M,F,T,C,I,W,R,Q,N,0
860,S,S,I,A,I,V,P,F,G,G,I,L,K,V,K,S,S,R,Q,M,F,T,C,I,W,R,Q,N,1
861,T,S,I,A,I,V,P,F,G,G,I,L,K,V,K,S,S,R,Q,M,F,T,C,I,W,R,Q,N,1
862,S,S,I,A,I,V,P,F,G,G,I,L,K,V,K,S,S,R,Q,M,F,T,C,I,W,R,Q,N,0
863,S,S,I,A,I,V,P,F,G,G,I,L,K,V,K,S,S,R,Q,M,F,T,C,I,W,R,Q,N,0
864,T,S,I,A,I,V,P,F,G,G,I,L,K,V,K,S,S,R,Q,M,F,T,C,I,W,R,Q,N,1
865,S,S,I,A,I,V,P,F,G,G,I,L,K,V,K,S,S,R,Q,M,F,T,C,I,W,R,Q,N,0
866,S,S,I,A,I,V,P,F,G,G,I,L,K,V,K,S,S,R,Q,M,F,T,C,I,W,R,Q,N,0
867,S,S,I,A,I,V,P,F,G,G,I,L,K,V,K,S,S,R,Q,M,F,T,C,I,W,R,Q,N,1
868,S,S,I,A,I,V,P,F,G,G,I,L,K,V,K,S,S,R,Q,M,F,T,C,I,W,R,Q,N,0
869,T,S,I,A,I,V,P,F,G,G,I,L,K,V,K,S,S,R,Q,M,F,T,C,I,W,R,Q,N,1
870,T,S,I,A,I,V,P,F,G,G,I,L,K,V,K,S,S,R,Q,M,F,T,C,I,W,R,Q,N,1
871,S,S,I,A,I,V,P,F,G,G,I,L,K,V,K,S,S,R,Q,M,F,T,C,I,W,R,Q,N,0
872,T,S,I,A,I,V,P,F,G,G,I,L,K,V,K,S,S,R,Q,M,F,T,C,I,W,R,Q,N,1
873,S,S,I,A,I,V,P,F,G,G,I,L,K,V,K,S,S,R,Q,M,F,T,C,I,W,R,Q,N,0
874,T,S,I,A,I,V,P,F,G,G,I,L,K,V,K,S,S,R,Q,M,F,T,C,I,W,R,Q,N,1
875,S,S,I,A,I,V,P,F,G,G,I,L,K,V,K,S,S,R,Q,M,F,T,C,I,W,R,Q,N,0
876,S,S,I,A,I,V,P,F,G,G,I,L,K,V,K,S,S,R,Q,M,F,T,C,I,W,R,Q,N,0
877,S,S,I,A,I,V,P,F,G,G,I,L,K,V,K,S,S,R,Q,M,F,T,C,I,W,R,Q,N,0
878,S,S,I,A,I,V,P,F,G,G,I,L,K,V,K,S,S,R,Q,M,F,T,C,I,W,R,Q,N,0
879,S,S,I,A,I,V,P,F,G,G,I,L,K,V,K,S,S,R,Q,M,F,T,C,I,W,R,Q,N,0
880,S,S,I,A,I,V,P,F,G,G,I,L,K,V,K,S,S,R,Q,M,F,T,C,I,W,R,Q,N,0
881,S,S,I,A,I,V,P,F,G,G,I,L,K,V,K,S,S,R,Q,M,F,T,C,I,W,R,Q,N,0
882,S,S,I,A,I,V,P,F,G,G,I,L,K,V,K,S,S,R,Q,M,F,T,C,I,W,R,Q,N,0
883,S,S,I,A,I,V,P,F,G,G,I,L,K,V,K,S,S,R,Q,M,F,T,C,I,W,R,Q,N,0
884,S,S,I,A,I,V,P,F,G,G,I,L,K,V,K,S,S,R,Q,M,F,T,C,I,W,R,Q,N,0
885,T,S,I,A,I,V,P,F,G,G,I,L,K,V,K,S,S,R,Q,M,F,T,C,I,W,R,Q,N,1
886,S,S,I,A,I,V,P,F,G,G,I,L,K,V,K,S,S,R,Q,M,F,T,C,I,W,R,Q,N,0
887,T,S,I,A,I,V,P,F,G,G,I,L,K,V,K,S,S,R,Q,M,F,T,C,I,W,R,Q,N,1
888,S,S,I,A,I,V,P,F,G,G,I,L,K,V,K,S,S,R,Q,M,F,T,C,I,W,R,Q,N,1
889,S,S,I,A,I,V,P,F,G,G,I,L,K,V,K,S,S,R,Q,M,F,T,C,I,W,R,Q,N,0
890,S,S,I,A,I,V,P,F,G,G,I,L,K,V,K,S,S,R,Q,M,F,T,C,I,W,R,Q,N,0
891,T,S,I,A,I,V,P,F,G,G,I,L,K,V,K,S,S,R,Q,M,F,T,C,I,W,R,Q,N,1
892,T,S,I,A,I,V,P,F,G,G,I,L,K,V,K,S,S,R,Q,M,F,T,C,I,W,R,Q,N,1
893,S,S,I,A,I,V,P,F,G,G,I,L,K,V,K,S,S,R,Q,M,F,T,C,I,W,R,Q,N,0
894,S,S,I,A,I,V,P,F,G,G,I,L,K,V,K,S,S,R,Q,M,F,T,C,I,W,R,Q,N,0
895,S,S,I,A,I,V,P,F,G,G,I,L,K,V,K,S,S,R,Q,M,F,T,C,I,G,R,Q,N,1
896,T,S,I,A,I,V,P,F,G,G,I,L,K,V,K,S,S,R,Q,M,F,T,C,I,W,R,Q,N,1
897,S,S,I,A,I,V,P,F,G,G,I,L,K,V,K,S,S,R,Q,M,F,T,C,I,W,R,Q,N,1
898,S,S,I,A,I,V,P,F,G,G,I,L,K,V,K,S,S,R,Q,M,F,T,C,I,W,R,Q,N,0
899,S,S,I,A,I,V,P,F,G,G,I,L,K,V,K,S,S,R,Q,M,F,T,C,I,W,R,Q,N,0
900,S,S,I,A,I,V,P,F,G,G,I,L,K,V,K,S,S,R,Q,M,F,T,C,I,W,R,Q,N,0
901,S,S,I,A,I,V,P,F,G,G,I,L,K,V,K,S,S,R,Q,M,F,T,C,I,W,R,Q,N,0
902,S,S,I,A,I,V,P,F,G,G,I,L,K,V,K,S,S,R,Q,M,F,T,C,I,W,R,Q,N,0
903,S,S,I,A,I,V,P,F,G,G,I,L,K,V,K,S,S,R,Q,M,F,T,C,I,W,R,Q,N,0
904,T,S,I,A,I,V,P,F,G,G,I,L,K,V,K,S,S,R,Q,M,F,T,C,I,W,R,Q,N,0
905,S,S,I,A,I,V,P,F,G,G,I,L,K,V,K,S,S,R,Q,M,F,T,C,I,W,R,Q,N,0
906,S,S,I,A,I,V,P,F,G,G,I,L,K,V,K,S,S,R,Q,M,F,T,C,I,W,R,Q,N,0
907,S,S,I,A,I,V,P,F,G,G,I,L,K,V,K,S,S,R,Q,M,F,T,C,I,W,R,Q,N,0
908,S,S,I,A,I,V,P,F,G,G,I,L,K,V,K,S,S,R,Q,M,F,T,C,I,W,R,Q,N,0
909,S,S,I,A,I,V,P,F,G,G,I,L,K,V,K,S,S,R,Q,M,F,T,C,I,W,R,Q,N,0
910,S,S,I,A,I,V,P,F,G,G,I,L,K,V,K,S,S,R,Q,M,F,T,C,I,W,R,Q,N,0
911,S,S,I,A,I,V,P,F,G,G,I,L,K,V,K,S,S,R,Q,M,F,T,C,I,W,R,Q,N,0
912,S,S,I,A,I,V,P,F,G,G,I,L,K,V,K,S,S,R,Q,M,F,T,C,I,W,R,Q,N,0
913,S,S,I,A,I,V,P,F,G,G,I,L,K,V,K,S,S,R,Q,M,F,T,C,I,W,R,Q,N,0
914,S,S,I,A,I,V,P,F,G,G,I,L,K,V,K,S,S,R,Q,M,F,T,C,I,W,R,Q,N,0
915,S,S,I,A,I,V,P,F,G,G,I,L,K,V,K,S,S,A,Q,M,F,C,C,I,W,S,R,T,0
916,S,S,I,A,I,V,P,F,G,G,I,L,K,V,K,S,S,R,Q,M,F,T,C,I,W,R,Q,N,0
917,S,S,T,A,I,V,P,F,G,C,I,L,K,V,K,S,S,R,Q,M,F,T,C,I,W,R,Q,N,1
918,S,S,I,A,I,V,P,F,G,G,I,L,K,V,K,S,S,R,Q,M,F,T,C,I,W,R,Q,N,0
919,S,S,I,A,I,V,P,F,G,G,I,L,K,V,K,S,S,R,Q,M,F,T,C,I,W,R,Q,N,0
920,S,S,I,A,I,V,P,F,G,G,I,L,K,V,K,S,S,R,Q,M,F,T,C,I,W,R,Q,N,0
921,S,S,I,A,I,V,P,F,G,G,I,L,K,V,K,S,S,R,Q,M,F,T,C,I,W,R,Q,N,0
922,S,S,I,A,I,V,P,F,G,G,I,L,K,V,K,S,S,R,Q,M,F,T,C,I,W,R,Q,N,0
923,S,S,I,A,I,V,P,F,G,G,I,L,K,V,K,S,S,R,Q,M,F,T,C,I,W,R,Q,N,1
924,S,S,I,A,I,V,P,F,G,G,I,L,K,V,K,S,S,R,Q,M,F,T,C,I,W,R,Q,N,1
925,S,S,I,A,I,V,P,F,G,G,I,L,K,V,K,S,S,R,Q,M,F,T,C,I,W,R,Q,N,0
926,S,S,I,A,I,V,P,F,G,G,I,L,K,V,K,S,S,R,Q,M,F,T,C,I,W,R,Q,N,0
927,S,S,I,A,I,V,P,F,G,G,I,L,K,V,K,S,S,R,Q,M,F,T,C,I,W,R,Q,N,0
928,S,S,I,A,I,V,P,F,G,G,I,L,K,V,K,S,S,R,Q,M,F,T,C,I,W,R,Q,N,0
929,S,S,I,A,I,V,P,F,G,G,I,L,K,V,K,S,S,R,Q,M,F,T,C,I,W,R,Q,N,0
930,S,S,I,A,I,V,P,F,G,G,I,L,K,V,K,S,S,R,Q,M,F,T,C,I,W,R,Q,N,0
931,S,S,I,A,I,V,P,F,G,G,I,L,K,V,K,S,S,R,Q,M,F,T,C,I,W,R,Q,N,0
932,S,S,I,A,I,V,P,F,G,G,I,L,K,V,K,S,S,R,Q,M,F,T,C,I,W,R,Q,N,0
933,S,S,I,A,I,V,P,F,G,G,I,L,K,V,K,S,S,R,Q,M,F,T,C,I,W,R,Q,N,0
934,S,S,I,A,I,V,P,F,G,G,I,L,K,V,K,S,S,R,Q,M,F,T,C,I,W,R,Q,N,0
935,S,S,I,A,I,V,P,F,G,G,I,L,K,V,K,S,S,R,Q,M,F,T,C,I,W,R,Q,N,0
936,S,S,I,A,I,V,P,F,G,G,I,L,K,V,K,S,S,R,Q,M,F,T,C,I,W,R,Q,N,0
937,S,S,I,A,I,V,P,F,G,G,I,L,K,V,K,S,S,R,Q,M,F,T,C,I,W,R,Q,N,0
938,S,S,I,A,I,V,P,F,G,G,I,L,K,V,K,S,S,R,Q,M,F,T,C,I,W,R,Q,N,0
939,S,S,I,A,I,V,P,F,G,G,I,L,K,V,K,S,S,R,Q,M,F,T,C,I,W,R,Q,N,0
940,S,S,I,A,I,V,P,F,G,G,I,L,K,V,K,S,S,R,Q,M,F,T,C,I,W,R,Q,N,0
941,S,S,I,A,I,V,P,F,G,G,I,L,K,V,K,S,S,R,Q,M,F,T,C,I,W,R,Q,N,0
942,S,S,I,A,I,V,P,F,G,G,I,L,K,V,K,S,S,R,Q,M,F,T,C,I,W,R,Q,N,0
943,S,S,I,A,I,V,P,F,G,G,I,L,K,V,K,S,S,R,Q,M,F,T,C,I,W,R,Q,N,0
944,T,S,I,A,I,V,P,F,G,G,I,L,K,V,K,S,S,R,Q,M,F,T,C,I,W,R,Q,N,1
945,S,S,I,A,I,V,P,F,G,G,I,L,K,V,K,S,S,R,Q,M,F,T,C,I,W,R,Q,N,0
946,S,S,I,A,I,V,P,F,G,G,I,L,K,V,K,S,S,R,Q,M,F,T,C,I,W,R,Q,N,0
947,T,S,I,A,I,V,P,F,G,G,I,L,K,V,K,S,S,R,Q,M,F,T,C,I,W,R,Q,N,1
948,T,S,I,A,I,V,P,F,G,G,I,L,K,V,K,S,S,R,Q,M,F,T,C,I,W,R,Q,N,1
949,N,S,I,A,I,V,P,F,G,G,I,L,K,V,K,S,S,R,Q,M,F,T,C,I,W,R,Q,N,1
950,S,S,I,A,I,V,P,F,G,G,I,L,K,V,K,S,S,R,Q,M,F,T,C,I,W,R,Q,N,0
951,H,S,I,A,I,V,A,V,R,R,D,A,Q,G,E,L,Q,P,H,R,F,D,L,D,V,*,D,E,0
952,S,S,I,A,I,V,P,F,G,G,I,L,K,V,K,S,S,R,Q,M,F,T,C,I,W,R,Q,N,0
953,S,S,I,A,I,V,P,F,G,G,I,L,K,V,K,S,S,R,Q,M,F,T,C,I,W,R,Q,N,0
954,S,S,I,A,I,V,P,F,G,G,I,L,K,V,K,S,S,R,Q,M,F,T,C,I,W,R,Q,N,1
955,S,S,I,A,I,V,P,F,G,G,I,L,K,V,K,S,S,R,Q,M,F,T,C,I,W,R,Q,N,0
956,S,S,I,A,I,V,P,F,G,G,I,L,K,V,K,S,S,R,Q,M,F,T,C,I,W,R,Q,N,0
957,S,S,I,A,I,V,P,F,G,G,I,L,K,V,K,S,S,R,Q,M,F,T,C,I,W,R,Q,N,0
958,S,S,I,A,I,V,P,F,G,G,I,L,K,V,K,S,S,R,Q,M,F,T,C,I,W,R,Q,N,0
959,S,S,I,A,I,V,P,F,G,G,I,L,K,V,K,S,S,R,Q,M,F,T,C,I,W,R,Q,N,0
960,S,S,I,A,I,V,P,F,G,G,I,L,K,V,K,S,S,R,Q,M,F,T,C,I,W,R,Q,N,0
961,S,S,I,A,I,V,P,F,G,G,I,L,K,V,K,S,S,R,Q,M,F,T,C,I,W,R,Q,N,0
962,T,S,I,A,I,V,P,F,G,G,I,L,K,V,K,S,S,R,Q,M,F,T,C,I,W,R,Q,N,1
963,S,S,I,A,I,V,P,F,G,G,I,L,K,V,K,S,S,R,Q,M,F,T,C,I,W,R,Q,N,0
964,T,S,I,A,I,V,P,F,G,G,I,L,K,V,K,S,S,R,Q,M,F,T,C,I,W,R,Q,N,1
965,S,S,I,A,I,V,P,F,G,G,I,L,K,V,K,S,S,R,Q,M,F,T,C,I,W,R,Q,N,0
966,S,S,I,A,I,V,P,F,G,G,I,L,K,V,K,S,S,R,Q,M,F,T,C,I,W,R,Q,N,0
967,S,S,I,A,I,V,P,F,G,G,I,L,K,V,K,S,S,R,Q,M,F,T,C,I,W,R,Q,N,0
968,S,S,I,A,I,V,P,F,G,G,I,L,K,V,K,S,S,R,Q,M,F,T,C,I,W,R,Q,N,0
969,S,S,I,A,I,V,P,F,G,G,I,L,K,V,K,S,S,R,Q,M,F,T,C,I,W,R,Q,N,0
970,S,S,I,A,I,V,P,F,G,G,I,L,K,V,K,S,S,R,Q,M,F,T,C,I,W,R,Q,N,0
971,S,S,I,A,I,V,P,F,G,G,I,L,K,V,K,S,S,R,Q,M,F,T,C,I,W,R,Q,N,0
972,S,S,I,A,I,V,P,F,G,G,I,L,K,V,K,S,S,R,Q,M,F,T,C,I,W,R,Q,N,0
973,S,S,I,A,I,V,P,F,G,G,I,L,K,V,K,S,S,R,Q,M,F,T,C,I,W,R,Q,N,0
974,T,S,I,A,I,V,P,F,G,G,I,L,K,V,K,S,S,R,Q,M,F,T,C,I,W,R,Q,N,1
975,S,S,I,A,I,V,P,F,G,G,I,L,K,V,K,S,S,R,Q,M,F,T,C,I,W,R,Q,N,0
976,S,S,I,A,I,V,P,F,G,G,I,L,K,V,K,S,S,R,Q,M,F,T,C,I,W,R,Q,N,0
977,S,S,I,A,I,V,P,F,G,G,I,L,K,V,K,S,S,R,Q,M,F,T,C,I,W,R,Q,N,0
978,T,S,I,V,I,V,P,F,G,G,I,L,K,V,K,S,S,R,Q,M,F,T,C,I,W,R,Q,N,1
979,S,S,I,A,I,V,P,F,G,G,I,L,K,V,K,S,S,R,Q,M,F,T,C,I,W,R,Q,N,0
980,S,S,I,A,I,V,P,F,G,G,I,L,K,V,K,S,S,R,Q,M,F,T,C,I,W,R,Q,N,0
981,T,S,I,A,I,V,P,F,G,G,I,L,K,V,K,S,S,R,Q,M,F,T,C,I,W,R,Q,N,1
982,T,S,I,A,I,V,P,F,G,G,I,L,K,V,K,S,S,R,Q,M,F,T,C,I,W,R,Q,N,1
983,T,S,I,A,I,V,P,F,G,G,I,L,K,V,K,S,S,R,Q,M,F,T,C,I,W,R,Q,N,1
984,T,S,I,A,I,V,P,F,G,G,I,L,K,V,K,S,S,R,Q,M,F,T,C,I,W,R,Q,N,1
985,T,S,I,A,I,V,P,F,G,G,I,L,K,V,K,S,S,R,Q,M,F,T,C,I,W,R,Q,N,1
986,S,S,I,A,I,V,P,F,G,G,I,L,K,V,K,S,S,R,Q,M,F,T,C,I,W,R,Q,N,0
987,S,S,I,A,I,V,P,F,G,G,I,L,K,V,K,S,S,R,Q,M,F,T,C,I,W,R,Q,N,0
988,S,S,I,A,I,V,P,F,G,G,I,L,K,V,K,S,S,A,Q,M,F,P,C,I,W,R,A,T,0
989,T,S,I,A,I,V,P,F,G,G,I,L,K,V,K,S,S,R,Q,M,F,T,C,I,W,R,Q,N,1
