S,S,I,A,I,V,P,F,G,G,I,L,K,V,K,S,S,R,Q,M,F,T,C,I,W,R,Q,N,0
S,S,I,A,I,V,P,F,G,G,I,L,K,V,K,S,S,R,Q,M,F,T,C,I,W,R,Q,N,0
S,S,I,A,I,V,P,F,G,G,I,L,K,V,K,S,S,R,Q,M,F,T,C,I,W,R,Q,N,1
S,S,I,A,I,V,P,F,G,G,I,L,K,V,K,S,S,R,Q,M,F,T,C,I,W,R,Q,N,0
S,S,I,A,I,V,P,F,G,G,I,L,K,V,K,S,S,R,Q,M,F,T,C,I,W,R,Q,N,0
S,S,I,A,I,V,P,F,G,G,I,L,K,V,K,S,S,R,Q,M,F,T,C,I,W,R,Q,N,0
S,S,I,S,I,V,P,F,G,G,I,L,K,V,K,S,S,R,Q,M,F,T,C,I,W,R,Q,N,1
S,S,I,A,I,V,P,F,G,G,I,L,K,V,K,S,S,R,Q,M,F,T,C,I,W,R,Q,N,0
S,S,I,A,I,V,P,F,G,G,I,L,K,V,K,S,S,R,Q,M,F,T,C,I,W,R,Q,N,0
S,S,I,A,I,V,P,F,G,G,I,L,K,V,K,S,S,R,Q,M,F,T,C,I,W,R,Q,N,0
S,S,I,A,I,V,P,F,G,G,I,L,K,V,K,S,S,R,Q,M,F,T,C,I,W,R,Q,N,0
T,S,I,A,I,V,P,F,G,G,I,L,K,V,K,S,S,R,Q,M,F,T,C,I,W,R,Q,N,1
S,S,I,A,I,V,P,F,G,G,I,L,K,V,K,S,S,R,Q,M,F,T,C,I,W,R,Q,N,0
S,S,I,A,I,V,P,F,G,G,I,L,K,V,K,S,S,R,Q,M,L,T,V,M,W,R,Q,N,0
S,S,I,A,I,V,P,F,G,G,I,L,K,V,K,S,S,R,Q,M,F,T,C,I,W,R,Q,N,0
S,S,I,A,I,V,P,F,G,G,I,L,K,V,K,S,S,R,Q,M,F,T,C,I,W,R,Q,N,0
S,S,I,A,I,V,P,F,G,G,I,L,K,V,K,S,S,R,Q,M,F,T,C,I,W,R,Q,N,0
S,S,I,A,I,V,P,F,G,G,I,L,K,V,K,S,S,R,Q,M,F,T,C,I,W,R,Q,N,0
T,S,I,A,I,V,P,F,G,G,I,L,K,V,K,S,S,R,Q,M,F,T,C,I,W,R,Q,N,1
S,S,I,A,I,V,P,F,G,G,I,L,K,V,K,S,S,R,Q,M,F,T,C,I,W,R,Q,N,0
S,S,I,A,I,V,P,F,G,G,I,L,K,V,K,S,S,R,Q,M,F,T,C,I,W,R,Q,N,0
S,S,I,A,I,V,P,F,G,G,I,L,K,V,K,S,S,R,Q,M,F,T,C,I,W,R,Q,N,0
S,S,I,A,I,V,P,F,G,G,I,L,K,V,K,S,S,R,Q,M,F,T,C,I,W,R,Q,N,0
S,S,I,A,I,V,P,F,G,G,I,L,K,V,K,S,S,R,Q,M,F,T,C,I,W,R,Q,N,0
S,S,I,A,I,V,P,F,G,G,I,L,K,V,K,S,S,R,Q,M,F,T,C,I,W,R,Q,N,0
S,S,I,A,I,V,P,F,G,G,I,L,K,V,K,S,S,R,Q,M,F,T,C,I,W,R,Q,N,0
S,S,I,A,I,V,P,F,G,G,I,L,K,V,K,S,S,R,Q,M,F,T,C,I,W,R,Q,N,0
S,S,I,A,I,V,P,F,G,G,I,L,K,V,K,S,S,R,Q,M,F,T,C,I,W,R,Q,N,0
S,S,I,A,I,V,P,F,G,G,I,L,K,V,K,S,S,R,Q,M,F,T,C,I,W,R,Q,N,0
S,S,I,A,I,V,P,F,G,G,I,L,K,V,K,S,S,R,Q,M,F,T,C,I,W,R,Q,N,0
S,S,I,A,I,V,P,F,G,G,I,L,K,V,K,S,S,R,Q,M,F,T,C,I,W,R,Q,N,0
N,S,I,A,I,V,P,F,G,G,I,L,K,V,K,S,S,R,Q,M,F,T,C,I,W,R,Q,N,0
S,S,I,A,I,V,P,F,G,G,I,L,K,V,K,S,S,R,Q,M,F,T,C,I,W,R,Q,N,0
S,S,I,A,I,V,P,F,G,G,I,L,K,V,K,S,S,R,Q,M,F,T,C,I,W,R,Q,N,0
S,S,I,A,I,V,P,F,G,G,I,L,K,V,K,S,S,R,Q,M,F,T,C,I,W,R,Q,N,0
S,S,I,A,I,V,P,F,G,G,I,L,K,V,K,S,S,A,Q,M,F,R,C,I,W,R,Q,T,0
T,S,I,A,I,V,P,F,G,G,I,L,K,V,K,S,S,R,Q,M,F,T,C,I,W,R,Q,N,1
S,S,I,A,I,V,P,F,G,G,I,L,K,V,K,S,S,R,Q,M,F,T,C,I,W,R,Q,N,0
S,S,I,A,T,V,P,F,G,G,I,L,K,V,K,S,S,R,Q,M,F,T,C,I,W,R,Q,N,1
S,S,I,A,I,V,P,F,G,G,I,L,K,V,K,S,S,R,Q,M,F,T,C,I,W,R,Q,N,0
S,S,I,A,I,V,P,F,G,G,I,L,K,V,K,S,S,R,Q,M,F,T,C,I,W,R,Q,N,0
S,S,I,A,I,V,P,F,G,G,I,L,K,V,K,S,S,R,Q,M,F,T,C,I,W,R,Q,N,0
S,S,I,A,I,V,P,F,G,G,I,L,K,V,K,S,S,R,Q,M,F,T,C,I,W,R,Q,N,0
S,S,I,A,I,V,P,F,G,G,I,L,K,V,K,S,S,R,Q,M,F,T,C,I,W,R,Q,N,0
S,S,I,A,I,V,P,F,G,G,I,L,K,V,K,S,S,R,Q,M,F,T,C,I,W,R,Q,N,0
S,S,I,A,I,V,P,F,G,G,I,L,K,V,K,S,S,R,Q,M,F,T,C,I,W,R,Q,N,0
S,S,I,A,I,V,P,F,G,G,I,L,K,V,K,S,S,R,Q,M,F,T,C,I,W,R,Q,N,0
S,S,I,A,I,V,P,F,G,G,I,L,K,V,K,S,S,R,Q,M,F,T,C,I,W,R,Q,N,0
S,S,I,A,I,V,P,F,G,G,I,L,K,V,K,S,S,R,Q,M,F,T,C,I,W,R,Q,N,0
S,S,I,A,I,V,P,F,G,G,I,L,K,V,K,S,S,R,Q,M,F,T,C,I,W,R,Q,N,0
S,S,I,A,I,V,P,F,G,G,I,L,K,V,K,S,S,R,Q,M,F,T,C,I,W,R,Q,N,0
S,S,I,A,I,V,P,F,G,G,I,L,K,V,K,S,S,R,Q,M,F,T,C,I,W,R,Q,N,0
S,S,I,A,I,V,P,F,G,G,I,L,K,V,K,S,S,R,Q,M,F,T,C,I,W,R,Q,N,0
S,S,I,A,I,V,P,F,G,G,I,L,K,V,K,S,S,R,Q,M,F,T,C,I,W,R,Q,N,0
T,S,I,A,I,V,P,F,G,G,I,L,K,V,K,S,S,R,Q,M,F,T,C,I,W,R,Q,N,1
S,S,I,A,I,V,P,F,G,G,I,L,K,V,K,S,S,R,Q,M,F,T,C,I,W,R,Q,N,0
S,S,I,A,I,V,P,F,G,G,I,L,K,V,K,S,S,R,Q,M,F,T,C,I,W,R,Q,N,0
S,S,I,A,I,V,P,F,G,G,I,L,K,V,K,S,S,R,Q,M,F,T,C,I,W,R,Q,N,0
S,S,I,A,I,V,P,F,G,G,I,L,K,V,K,S,S,R,Q,M,F,T,C,I,W,R,Q,N,0
S,S,I,A,I,V,P,F,G,G,I,L,K,V,K,S,S,R,Q,M,F,T,C,I,W,R,Q,N,0
S,S,I,A,I,V,P,F,G,G,I,L,K,V,K,S,S,R,Q,M,F,T,C,I,W,R,Q,N,0
S,S,I,A,I,V,P,F,G,G,I,L,K,V,K,S,S,R,Q,M,F,T,C,I,W,R,Q,N,0
S,S,I,A,I,V,P,F,G,G,I,L,K,V,K,S,S,R,Q,M,F,T,C,I,W,R,Q,N,0
S,S,I,A,I,V,P,F,G,G,I,L,K,V,K,S,S,R,Q,M,F,T,C,I,W,R,Q,N,0
S,S,I,A,I,V,P,F,G,G,I,L,K,V,K,S,S,R,Q,M,F,T,C,I,W,R,Q,N,0
S,S,I,A,I,V,P,F,G,G,I,L,K,V,K,S,S,R,Q,M,F,T,C,I,W,R,Q,N,0
S,S,I,A,I,V,P,F,G,G,I,L,K,V,K,S,S,R,Q,M,F,T,C,I,W,R,Q,N,0
T,S,I,A,I,V,P,F,G,G,I,L,K,V,K,S,S,R,Q,M,F,T,C,I,W,R,Q,N,1
S,S,I,A,I,V,P,F,G,G,I,L,K,V,K,S,S,R,Q,M,F,T,C,I,W,R,Q,N,0
S,S,I,A,I,V,P,F,G,G,I,L,K,V,K,S,S,R,Q,M,F,T,C,I,W,R,Q,N,0
S,S,I,A,I,V,P,F,G,G,I,L,K,V,K,S,S,R,Q,M,F,T,C,I,W,R,Q,N,0
S,S,I,A,I,V,P,F,G,G,I,L,K,V,K,S,S,R,Q,M,F,T,C,I,W,R,Q,N,0
S,S,I,A,I,V,P,F,G,G,I,L,K,V,K,S,S,R,Q,M,F,T,C,I,W,R,Q,N,0
S,S,I,A,I,V,P,L,S,G,I,L,K,V,K,S,S,R,Q,M,F,T,C,I,W,R,Q,N,1
S,S,I,A,I,V,P,F,G,G,I,L,K,V,K,S,S,R,Q,M,F,T,C,I,W,R,Q,N,0
S,S,I,A,I,V,P,F,G,G,I,L,K,V,K,S,S,R,Q,M,F,T,C,I,W,R,Q,N,0
S,S,I,A,I,V,P,F,G,G,I,L,K,V,K,S,S,R,Q,M,F,T,C,I,W,R,Q,N,0
S,S,I,A,I,V,P,F,G,G,I,L,K,V,K,S,S,R,Q,M,F,T,C,I,W,R,Q,N,0
S,S,I,A,I,V,P,F,G,G,I,L,K,V,K,S,S,R,Q,M,F,T,C,I,W,R,Q,N,0
S,S,I,A,I,V,P,F,G,G,I,L,K,V,K,S,S,R,Q,M,F,T,C,I,W,R,Q,N,0
S,S,I,A,I,V,P,F,G,G,I,L,K,V,K,S,S,R,Q,M,F,T,C,I,W,R,Q,N,0
T,S,I,A,I,V,P,F,G,G,I,L,K,V,K,S,S,R,Q,M,F,T,C,I,W,R,Q,N,1
S,S,I,A,I,V,P,F,G,G,I,L,K,V,K,S,S,R,Q,M,F,T,C,I,W,R,Q,N,0
T,S,I,A,I,V,P,F,G,G,I,L,K,V,K,S,S,R,Q,M,F,T,C,I,W,R,Q,N,1
S,S,I,A,I,V,P,F,G,G,I,L,K,V,K,S,S,R,Q,M,F,T,C,I,W,R,Q,N,0
T,S,I,A,I,V,P,F,G,G,I,L,K,V,K,S,S,R,Q,M,F,T,C,I,W,R,Q,N,1
S,S,I,A,I,V,P,F,G,G,I,L,K,V,K,S,S,R,Q,M,F,T,C,I,W,R,Q,N,0
S,S,I,A,I,V,P,F,G,G,I,L,K,V,K,S,S,R,Q,M,F,T,C,I,W,R,Q,N,1
S,S,I,A,I,V,P,F,G,G,I,L,K,V,K,S,S,R,Q,M,F,T,C,I,W,R,Q,N,0
S,S,I,A,I,V,P,F,G,G,I,L,K,V,K,S,S,R,Q,M,F,T,C,I,W,R,Q,N,0
S,S,I,A,I,V,P,F,G,G,I,L,K,V,K,S,S,R,Q,M,F,T,C,I,W,R,Q,N,0
H,S,I,A,I,V,A,V,R,R,D,A,Q,G,E,L,Q,P,H,R,F,D,L,D,V,*,D,E,0
S,S,I,A,I,V,P,F,G,G,I,L,K,V,K,S,S,P,Q,M,F,D,C,I,W,R,Q,E,0
T,S,I,A,I,V,P,F,G,G,I,L,K,V,K,S,S,R,Q,M,F,T,C,I,W,R,Q,N,1
S,S,I,A,I,V,P,F,G,G,I,L,K,V,K,S,S,R,Q,M,F,T,C,I,W,R,Q,N,0
S,S,I,A,I,V,P,F,G,G,I,L,K,V,K,S,S,R,Q,M,F,T,C,I,W,R,Q,N,0
S,S,I,A,I,V,P,F,G,G,I,L,K,V,K,S,S,R,Q,M,F,T,C,I,W,R,Q,N,0
I,S,I,A,I,V,P,F,G,G,I,L,K,V,K,S,S,R,Q,M,F,T,C,I,W,R,Q,N,0
S,S,I,A,I,V,P,F,G,G,I,L,K,V,K,S,S,R,Q,M,F,T,C,I,W,R,Q,N,0
S,S,I,A,I,V,P,F,G,G,I,L,K,V,K,S,S,R,Q,M,F,T,C,I,W,R,Q,N,0
S,S,I,A,I,V,P,F,G,G,I,L,K,V,K,S,S,R,Q,M,F,T,C,I,W,R,Q,N,0
S,S,I,A,I,V,P,F,G,G,I,L,K,V,K,S,S,R,Q,M,F,T,C,I,W,R,Q,N,0
S,S,I,A,I,V,P,F,G,G,I,L,K,V,K,S,S,R,Q,M,F,T,C,I,W,R,Q,N,0
T,S,I,A,I,V,P,F,A,G,I,K,R,I,Q,L,N,R,E,H,L,T,V,M,W,R,Q,N,1
S,S,I,A,I,A,P,F,G,G,I,L,K,V,K,S,S,R,Q,M,F,T,C,I,W,R,Q,N,0
S,S,I,A,I,V,P,F,G,G,I,L,K,V,K,S,S,R,Q,M,F,T,C,I,W,R,Q,N,0
S,S,I,A,I,V,P,F,G,G,I,L,K,V,K,S,S,R,Q,M,F,T,C,I,W,R,Q,N,0
T,S,I,A,I,V,P,F,G,G,I,L,K,V,K,S,S,R,Q,M,F,T,C,I,W,R,Q,N,0
S,S,I,A,I,V,P,F,G,G,I,L,K,V,K,S,S,R,Q,M,F,T,C,I,W,R,Q,N,0
S,S,I,A,I,V,P,F,G,G,I,L,K,V,K,S,S,R,Q,M,F,T,C,I,W,R,Q,N,0
S,S,I,A,I,V,P,F,G,G,I,L,K,V,K,S,S,R,Q,M,F,T,C,I,W,R,Q,N,0
S,S,I,A,I,V,P,F,G,G,I,L,K,V,K,S,S,R,Q,M,F,T,C,I,W,R,Q,N,0
S,S,I,A,I,V,P,F,A,G,I,K,R,I,Q,L,N,R,E,H,L,T,V,M,W,R,Q,D,0
S,S,I,A,I,V,P,F,G,G,I,L,K,V,K,S,S,R,Q,M,F,T,C,I,W,R,Q,N,0
S,S,I,A,I,V,P,F,G,G,I,L,K,V,K,S,S,R,Q,M,F,T,C,I,W,R,Q,N,0
S,S,I,A,I,V,P,F,G,G,I,L,K,V,K,S,S,R,Q,M,F,T,C,I,W,R,Q,N,0
S,S,I,A,I,V,P,F,G,G,I,L,K,V,K,S,S,R,Q,M,F,T,C,I,W,R,Q,N,0
S,S,I,A,I,V,P,F,G,D,I,L,K,V,K,S,S,H,Q,M,F,T,C,I,W,R,Q,N,1
S,S,I,A,I,V,P,F,G,G,I,L,K,V,K,S,S,R,Q,M,F,T,C,I,W,R,Q,N,1
S,S,I,A,I,V,P,F,G,G,I,L,K,V,K,S,S,R,Q,M,F,T,C,I,W,R,Q,N,0
S,S,I,A,I,V,P,F,G,G,I,L,K,V,K,S,S,R,Q,M,F,T,C,I,W,R,Q,N,0
S,S,I,A,I,V,P,F,G,G,I,L,K,V,K,S,S,R,Q,M,F,T,C,I,W,R,Q,N,0
S,S,I,A,I,V,P,F,G,G,I,L,K,V,K,S,S,R,Q,M,F,T,C,I,W,R,Q,N,0
S,S,I,A,I,V,P,F,G,G,I,L,K,V,K,S,S,R,Q,M,F,T,C,I,W,R,Q,N,0
S,S,I,A,I,V,P,F,G,G,I,L,K,V,K,S,S,R,Q,M,F,T,C,I,W,R,Q,N,0
S,S,I,A,I,V,P,F,G,G,I,L,K,V,K,S,S,R,Q,M,F,T,C,I,W,R,Q,N,0
S,S,I,A,I,V,P,F,G,G,I,L,K,V,K,S,S,R,Q,M,F,T,C,I,W,R,Q,N,0
S,S,I,A,I,V,P,F,G,G,I,L,K,V,K,S,S,R,Q,M,F,T,C,I,W,R,Q,N,0
S,S,I,A,I,V,P,F,G,G,I,L,K,V,K,S,S,R,Q,M,F,T,C,I,W,R,Q,N,0
S,S,I,A,I,V,P,F,G,G,I,L,K,V,K,S,S,R,Q,M,F,T,C,I,W,R,Q,N,0
T,S,I,A,I,V,P,F,G,G,I,L,K,V,K,S,S,R,Q,M,F,T,C,I,W,R,Q,N,1
S,S,I,A,I,V,P,F,G,G,I,L,K,V,K,S,S,R,Q,M,F,T,C,I,W,R,Q,N,0
S,S,I,A,I,V,P,F,G,G,I,L,K,V,K,S,S,R,Q,M,F,T,C,I,W,R,Q,N,0
S,S,I,A,I,V,P,F,G,G,I,L,K,V,K,S,S,R,Q,M,F,T,C,I,W,R,Q,N,0
S,S,I,A,I,V,P,F,G,G,I,L,K,V,K,S,S,R,Q,M,F,T,C,I,W,R,Q,N,0
S,S,I,A,I,V,P,F,G,G,I,L,K,V,K,S,S,R,Q,M,F,T,C,I,W,R,Q,N,0
S,S,I,A,I,V,P,F,G,G,I,L,K,V,K,S,S,R,Q,M,F,T,C,I,W,R,Q,N,0
S,S,I,A,I,V,P,F,G,G,I,L,K,V,K,S,S,R,Q,M,F,T,C,I,W,R,Q,N,0
T,S,I,A,I,V,P,F,G,G,I,L,K,V,K,S,S,R,Q,M,F,T,C,I,W,R,Q,N,1
S,S,I,A,I,V,P,F,G,G,I,L,K,V,K,S,S,R,Q,M,F,T,C,I,W,R,Q,N,1
S,S,I,A,I,V,P,F,G,G,I,L,K,V,K,S,S,R,Q,M,F,T,C,I,W,R,Q,N,0
S,S,I,A,I,V,P,F,G,G,I,L,K,V,K,S,S,R,Q,M,F,T,C,I,W,R,Q,N,1
S,S,I,A,I,V,P,F,G,G,I,L,K,V,K,S,S,R,Q,M,F,T,C,I,W,R,Q,N,0
T,S,I,A,I,V,P,F,G,G,I,L,K,V,K,S,S,R,Q,M,F,T,C,I,W,R,Q,N,1
S,S,I,A,I,V,P,F,G,G,I,L,K,V,K,S,S,R,Q,M,F,T,C,I,W,R,Q,N,0
S,S,I,A,I,V,P,F,G,G,I,L,K,V,K,S,S,R,Q,M,F,T,C,I,W,R,Q,N,1
S,S,I,A,I,V,P,F,G,G,I,L,K,V,K,S,S,R,Q,M,F,T,C,I,W,R,Q,N,1
S,S,I,A,I,V,P,F,G,G,I,L,K,V,K,S,S,R,Q,M,F,T,C,I,W,R,Q,N,0
S,S,I,A,I,V,P,F,G,G,I,L,K,V,K,S,S,R,Q,M,F,T,C,I,W,R,Q,N,0
S,S,I,A,I,V,P,F,G,G,I,L,K,V,K,S,S,R,Q,M,F,T,C,I,W,R,Q,N,0
S,S,I,A,I,V,P,F,G,G,I,L,K,V,K,S,S,R,Q,M,F,T,C,I,W,R,Q,N,0
S,S,I,A,I,V,P,F,G,G,I,L,K,V,K,S,S,R,Q,M,F,T,C,I,W,R,Q,N,1
S,S,I,A,I,V,P,F,G,G,I,L,K,V,K,S,S,R,Q,M,F,T,C,I,W,R,Q,N,0
T,S,I,A,I,V,P,F,G,G,I,L,K,V,K,S,S,R,Q,M,F,T,C,I,W,R,Q,N,1
T,S,I,A,I,V,P,F,G,G,I,L,K,V,K,S,S,R,Q,M,F,T,C,I,W,R,Q,N,1
S,S,I,A,I,V,P,F,G,G,I,L,K,V,K,S,S,R,Q,M,F,T,C,I,W,R,Q,N,0
S,S,I,A,I,V,P,F,G,G,I,L,K,V,K,S,S,R,Q,M,F,T,C,I,W,R,Q,N,0
S,S,I,A,I,V,P,F,G,G,I,L,K,V,K,S,S,R,Q,M,F,T,C,I,W,R,Q,N,0
S,S,I,A,I,V,P,F,G,G,I,L,K,V,K,S,S,R,Q,M,F,T,C,I,W,R,Q,N,0
S,S,I,A,I,V,P,F,G,G,I,L,K,V,K,S,S,R,Q,M,F,T,C,I,W,R,Q,N,0
T,S,I,A,I,V,P,F,G,G,I,L,K,V,K,S,S,R,Q,M,F,T,C,I,W,R,Q,N,1
S,A,I,A,I,V,P,F,G,G,I,L,K,V,K,S,S,R,Q,M,F,T,C,I,W,R,Q,N,1
T,S,I,A,I,V,P,F,G,G,I,L,K,V,K,S,S,R,Q,M,F,T,C,I,W,R,Q,N,1
S,S,I,A,I,V,P,F,G,G,I,L,K,V,K,S,S,R,Q,M,F,T,C,I,W,R,Q,N,0
S,S,I,A,I,V,P,F,G,G,I,L,K,V,K,S,S,R,Q,M,F,T,C,I,W,R,Q,N,0
T,S,I,A,I,V,P,F,G,G,I,L,K,V,K,S,S,R,Q,M,F,A,C,I,W,R,Q,N,1
S,S,I,A,I,V,P,F,G,G,I,L,K,V,K,S,S,R,Q,M,F,T,C,I,W,R,Q,N,0
S,S,I,A,I,V,P,F,G,G,I,L,K,V,K,S,S,R,Q,M,F,T,C,I,W,R,Q,N,0
S,S,I,A,I,V,P,F,G,G,I,L,K,V,K,S,S,R,Q,M,F,T,C,I,W,R,Q,N,0
S,S,I,A,I,V,P,F,G,G,I,L,K,V,K,S,S,R,Q,M,F,T,C,I,W,R,Q,N,0
S,S,I,A,I,V,P,F,G,G,I,L,K,V,K,S,S,R,Q,M,F,T,C,I,W,R,Q,N,0
S,S,I,A,I,V,P,F,G,G,I,L,K,V,K,S,S,R,Q,M,F,T,C,I,W,R,Q,N,0
S,S,I,A,I,V,P,F,G,G,I,L,K,V,K,S,S,R,Q,M,F,T,C,I,W,R,Q,N,0
T,S,I,A,I,V,P,F,G,G,I,L,K,V,K,S,S,R,Q,M,F,T,C,I,W,R,Q,N,0
T,S,I,A,I,V,P,F,G,G,I,L,K,V,K,S,S,R,Q,M,F,T,C,I,W,R,Q,N,1
P,S,I,A,I,V,P,A,G,A,R,H,S,R,S,G,A,A,S,C,P,C,R,F,S,S,R,C,0
S,S,I,A,I,V,P,F,G,G,I,L,K,V,K,S,S,R,Q,M,F,T,C,I,W,R,Q,N,1
T,S,I,A,I,V,P,F,G,G,I,L,K,V,K,S,S,R,Q,M,F,T,C,I,W,R,Q,N,1
S,S,I,A,I,V,P,F,G,G,I,L,K,V,K,S,S,R,Q,M,F,T,C,I,W,R,Q,N,0
S,S,I,A,I,V,P,F,G,G,I,L,K,V,K,S,S,R,Q,M,F,T,C,I,W,R,Q,N,0
S,S,I,A,I,V,P,F,G,G,I,L,K,V,K,S,S,R,Q,M,F,T,C,I,W,R,Q,N,0
S,S,I,A,I,V,P,F,G,G,I,L,K,V,K,S,S,R,Q,M,F,T,C,I,W,R,Q,N,0
S,S,I,A,I,V,P,F,G,G,I,L,K,V,K,S,S,R,Q,M,F,T,C,I,W,R,Q,N,0
S,S,I,A,I,V,T,F,G,G,I,L,K,V,K,S,S,R,Q,M,F,T,C,I,W,R,Q,N,1
T,S,I,A,I,V,P,F,G,G,I,L,K,V,K,S,S,R,Q,M,F,T,C,I,W,R,Q,N,1
N,S,I,A,I,V,P,F,G,G,I,L,K,V,K,S,S,R,Q,M,F,T,C,I,W,R,E,N,1
S,S,I,A,I,V,P,F,G,G,I,L,K,V,K,S,S,R,Q,M,F,T,C,I,W,R,Q,N,0
P,S,I,A,I,V,P,S,G,A,R,A,T,G,S,R,T,A,-,M,W,C,A,T,T,S,R,T,0
S,S,I,A,I,V,P,F,G,G,I,L,K,V,K,S,S,R,Q,M,F,T,C,I,W,R,Q,N,0
S,S,I,A,I,V,P,F,G,G,I,L,K,V,K,S,S,R,Q,M,F,T,C,I,W,R,Q,N,0
S,S,I,A,I,V,P,F,G,G,I,L,K,V,K,S,S,R,Q,M,F,T,C,I,W,R,Q,N,0
S,S,I,A,I,V,P,F,G,G,I,L,K,V,K,S,S,R,Q,M,F,T,C,I,W,R,Q,N,0
S,S,I,A,I,V,P,F,G,G,I,L,K,V,K,S,S,R,Q,M,F,T,C,I,W,R,Q,N,0
S,S,I,A,I,V,P,F,G,G,I,L,K,V,K,S,S,R,Q,M,F,T,C,I,W,R,Q,N,0
T,A,I,A,I,V,P,F,G,G,I,L,K,V,K,S,S,R,Q,M,F,T,C,I,W,R,Q,N,1
S,S,I,A,I,V,P,F,G,G,I,L,K,V,K,S,S,R,Q,M,F,T,C,I,W,R,Q,N,0
S,S,I,A,I,V,P,F,G,G,I,L,K,V,K,S,S,R,Q,M,F,T,C,I,W,R,Q,N,0
S,S,I,A,I,V,P,F,G,G,I,L,K,V,K,S,S,R,Q,M,F,T,C,I,W,R,Q,N,0
S,S,I,A,I,V,P,F,G,G,I,L,K,V,K,S,S,R,Q,M,F,T,C,I,W,R,Q,N,0
S,S,I,A,I,V,P,F,G,G,I,L,K,V,K,S,S,R,Q,M,F,T,C,I,W,R,Q,N,0
S,S,I,A,I,V,P,F,G,G,I,L,K,V,K,S,S,R,Q,M,F,T,C,I,W,R,Q,N,0
S,S,I,A,I,V,P,F,G,G,I,L,K,V,K,S,S,R,Q,M,F,T,C,I,W,R,Q,N,0
S,S,I,A,I,V,P,F,G,G,I,L,K,V,K,S,S,R,Q,M,F,T,C,I,W,R,Q,N,0
S,S,I,A,I,V,P,F,G,G,I,L,K,V,K,S,S,R,Q,M,F,T,C,I,W,R,Q,N,0
S,S,I,A,I,V,P,F,G,G,I,L,K,V,K,S,S,R,Q,M,F,T,C,I,W,R,Q,N,0
S,S,I,A,I,V,P,F,G,G,I,L,K,V,K,S,S,R,Q,M,F,T,C,I,W,R,Q,N,0
T,S,I,A,I,V,P,F,G,G,I,L,K,V,K,S,S,R,Q,M,F,T,C,I,W,R,Q,N,1
S,S,I,A,I,V,P,F,G,G,I,L,K,V,K,S,S,R,Q,M,F,T,C,I,W,R,Q,N,0
T,S,I,A,I,V,P,F,G,G,I,L,K,V,K,S,S,R,Q,M,F,T,C,I,W,R,Q,N,1
T,S,I,A,I,V,P,F,G,G,I,L,K,V,K,S,S,R,Q,M,F,T,C,I,W,R,Q,N,1
S,S,I,A,I,V,P,F,G,G,I,L,K,V,K,S,S,R,Q,M,F,T,C,I,W,R,Q,N,0
S,S,I,A,I,V,P,F,G,G,I,L,K,V,K,S,S,R,Q,M,F,T,C,I,W,R,Q,N,1
S,S,I,A,I,V,P,F,G,G,I,L,K,V,K,S,S,R,Q,M,F,T,C,I,W,R,Q,N,0
S,S,I,A,I,V,P,F,G,G,I,L,K,V,K,S,S,R,Q,M,F,T,C,I,W,R,Q,N,0
T,S,I,A,I,V,P,F,G,G,I,L,K,V,K,S,S,R,Q,M,F,T,C,I,W,R,Q,N,1
S,S,I,A,I,V,P,F,G,G,I,L,K,V,K,S,S,R,Q,M,F,T,C,I,W,R,Q,N,0
T,S,I,A,I,V,P,F,G,G,I,L,K,V,K,S,S,R,Q,M,F,T,C,I,W,R,Q,N,1
S,S,I,A,I,V,P,F,G,G,I,L,K,V,K,S,S,R,Q,M,F,T,C,I,W,R,Q,N,0
S,S,I,A,I,V,P,F,G,G,I,L,K,V,K,S,S,R,Q,M,F,T,C,I,W,R,Q,N,0
S,S,I,A,I,V,P,F,G,G,I,L,K,V,K,S,S,R,Q,M,F,T,C,I,W,R,Q,N,0
S,S,I,A,I,V,P,F,G,G,I,L,K,V,K,S,S,R,Q,M,F,T,C,I,W,R,Q,N,0
S,S,I,A,I,V,P,F,G,G,I,L,K,V,K,S,S,R,Q,M,F,T,C,I,W,R,Q,N,0
T,S,I,A,I,V,P,F,G,G,I,L,K,V,K,S,S,R,Q,M,F,T,C,I,W,R,Q,N,1
S,S,I,A,I,V,P,F,G,G,I,L,K,V,K,S,S,R,Q,M,F,T,C,I,W,R,Q,N,0
S,S,I,A,I,V,P,F,G,G,I,L,K,V,K,S,S,R,Q,M,F,T,C,I,W,R,Q,N,0
S,S,I,A,I,V,P,F,G,G,I,L,K,V,K,S,S,R,Q,M,F,T,C,I,W,R,Q,N,0
S,S,I,A,I,V,P,F,A,G,I,L,K,V,K,S,S,R,E,H,L,T,V,M,W,R,Q,D,0
S,S,I,A,I,V,P,F,G,G,I,L,K,V,K,S,S,R,Q,M,F,T,C,I,W,R,Q,N,0
S,S,I,A,I,V,P,F,G,G,I,L,K,V,K,S,S,R,Q,M,F,T,C,I,W,R,Q,N,0
S,S,I,A,I,V,P,F,G,G,I,L,K,V,K,S,S,R,Q,M,F,T,C,I,W,R,Q,N,1
S,S,I,A,I,V,P,F,G,G,I,L,K,V,K,S,S,R,Q,M,F,T,C,I,W,R,Q,N,0
S,S,I,A,I,V,P,F,G,G,I,L,K,V,K,S,S,R,Q,M,F,T,C,I,W,R,Q,N,0
S,S,I,A,I,V,P,F,G,G,I,L,K,V,K,S,S,R,Q,M,F,T,C,I,W,R,Q,N,0
S,S,I,A,I,V,P,F,G,G,I,L,K,V,K,S,S,R,Q,M,F,T,C,I,W,R,Q,N,0
S,S,I,A,I,V,P,F,G,G,I,L,K,V,K,S,S,R,Q,M,F,T,C,I,W,R,Q,N,0
S,S,I,A,I,V,P,F,G,G,I,L,K,V,K,S,S,R,Q,M,F,T,C,I,W,R,Q,N,0
S,S,I,A,I,V,P,F,G,G,I,L,K,V,K,S,S,R,Q,M,F,T,C,I,W,R,Q,N,0
S,A,I,A,I,V,P,F,G,G,I,L,K,V,K,S,S,R,Q,M,F,T,C,I,W,R,Q,N,1
S,S,I,A,I,V,P,F,G,G,I,L,K,V,K,S,S,R,Q,M,F,T,C,I,W,R,Q,N,0
S,S,I,A,I,V,P,F,G,G,I,L,K,V,K,S,S,R,Q,M,F,T,C,I,W,R,Q,N,0
S,S,I,A,I,V,P,F,G,G,I,L,K,V,K,S,S,R,Q,M,F,T,C,I,W,R,Q,N,0
S,S,I,A,I,V,P,F,G,G,I,L,K,V,K,S,S,R,Q,M,F,T,C,I,W,R,Q,N,0
S,S,I,A,I,V,P,F,G,G,I,L,K,V,K,S,S,R,Q,M,F,T,C,I,W,R,Q,N,0
S,S,I,A,I,V,P,F,G,G,I,L,K,V,K,S,S,R,Q,M,F,T,C,I,W,R,Q,N,0
S,S,I,A,I,V,P,F,G,G,I,L,K,V,K,S,S,R,Q,M,F,T,C,I,W,R,Q,N,0
S,S,I,A,I,V,P,F,G,G,I,L,K,V,K,S,S,R,Q,M,F,T,C,I,W,R,Q,N,0
S,S,I,A,I,V,P,F,G,G,I,L,K,V,K,S,S,R,Q,M,F,T,C,I,W,R,Q,N,0
S,S,I,A,I,V,P,F,G,G,I,L,K,V,K,S,S,R,Q,M,F,T,C,I,W,R,Q,N,0
S,S,I,A,I,V,P,F,G,G,I,L,K,V,K,S,S,R,Q,M,F,T,C,I,W,R,Q,N,0
S,S,I,A,I,V,P,F,G,G,I,L,K,V,K,S,S,R,Q,M,F,T,C,I,W,R,Q,N,0
S,S,I,A,I,V,P,F,G,G,I,L,K,V,K,S,S,R,Q,M,F,T,C,I,W,R,Q,N,0
S,S,I,A,I,V,P,F,G,G,I,L,K,V,K,S,S,R,Q,M,F,T,C,I,W,R,Q,N,0
S,S,I,A,I,V,P,F,G,G,I,L,K,V,K,S,S,R,Q,M,F,T,C,I,W,R,Q,N,0
S,S,I,A,I,V,P,F,G,G,I,L,K,V,K,S,S,R,Q,M,F,T,C,I,W,R,Q,N,0
S,S,I,A,I,V,P,F,G,G,I,L,K,V,K,S,S,R,Q,M,F,T,C,I,W,R,Q,N,0
S,S,I,A,I,V,P,F,G,G,I,L,K,V,K,S,S,R,Q,M,F,T,C,I,W,R,Q,N,0
S,S,I,A,I,V,P,F,G,G,I,L,K,V,K,S,S,R,Q,M,F,T,C,I,W,R,Q,N,0
T,S,I,A,I,V,P,F,G,G,I,L,K,V,K,S,S,R,Q,M,F,T,C,I,W,R,Q,N,1
T,S,I,A,I,V,P,F,G,G,I,L,K,V,K,S,S,R,Q,M,F,T,C,I,W,R,Q,N,1
S,S,I,A,I,V,P,F,G,G,I,L,K,V,K,S,S,R,Q,M,F,T,C,I,W,R,Q,N,0
S,S,I,A,I,V,P,F,G,G,I,L,K,V,K,S,S,R,Q,M,F,T,C,I,W,R,Q,N,0
S,S,I,A,I,V,P,F,G,G,I,L,K,V,K,S,S,R,Q,M,F,T,C,I,W,R,Q,N,0
S,S,I,A,I,V,P,F,G,G,I,L,K,V,K,S,S,R,Q,M,F,T,C,I,W,R,Q,N,0
S,S,I,A,I,V,P,F,G,G,I,L,K,V,K,S,S,R,Q,M,F,T,C,I,W,R,Q,N,0
T,S,I,A,I,V,P,F,G,G,I,L,K,V,K,S,S,R,Q,M,F,T,C,I,W,R,Q,N,1
S,S,I,A,I,V,P,F,G,G,I,L,K,V,K,S,S,R,Q,M,F,T,C,I,W,R,Q,N,0
S,S,I,A,I,V,P,F,G,G,I,L,K,V,K,S,S,R,Q,M,F,T,C,I,W,R,Q,N,0
S,S,I,A,I,V,P,F,G,G,I,L,K,V,K,S,S,R,Q,M,F,T,C,I,W,R,Q,N,0
S,S,I,A,I,V,P,F,G,G,I,L,K,V,K,S,S,R,Q,M,F,T,C,I,W,R,Q,N,0
S,S,I,A,I,V,P,L,S,G,I,L,K,V,K,S,S,R,Q,M,F,T,C,I,W,R,Q,N,1
S,S,I,A,I,V,P,F,G,G,I,L,K,V,K,S,S,R,Q,M,F,T,C,I,W,R,Q,N,0
S,S,I,A,I,V,P,F,G,G,I,L,K,V,K,S,S,R,Q,M,F,T,C,I,W,R,Q,N,1
T,S,I,A,I,V,P,F,G,G,I,L,K,V,K,S,S,R,Q,M,F,T,C,I,W,R,Q,N,1
S,S,I,A,I,V,P,F,G,G,I,L,K,V,K,S,S,R,Q,M,F,T,C,I,W,R,Q,N,0
S,S,I,A,I,V,P,F,G,G,I,L,K,V,K,S,S,R,Q,M,F,T,C,I,W,R,Q,N,0
S,S,I,A,I,V,P,F,G,G,I,L,K,V,K,S,S,R,Q,M,F,T,C,I,W,R,Q,N,0
T,S,I,A,I,V,P,F,G,G,I,L,K,V,K,S,S,R,Q,M,F,T,C,I,W,R,Q,N,1
S,S,I,A,I,V,P,F,G,G,I,L,K,V,K,S,S,R,Q,M,F,T,C,I,W,R,Q,N,0
S,S,I,A,I,V,P,F,G,G,I,L,K,V,K,S,S,R,Q,M,F,T,C,I,W,R,Q,N,0
S,S,I,A,I,V,P,F,A,G,I,K,R,I,Q,L,N,R,E,H,L,T,V,M,W,R,Q,N,0
S,S,I,A,I,V,P,F,G,G,I,L,K,V,K,S,S,R,Q,M,F,T,C,I,W,R,Q,N,0
S,S,I,A,I,V,P,F,G,G,I,L,K,V,K,S,S,R,Q,M,F,T,C,I,W,R,Q,N,0
S,S,I,A,I,V,P,F,G,G,I,L,K,V,K,S,S,R,Q,M,F,T,C,I,W,R,Q,N,0
S,S,I,A,I,V,P,F,G,G,I,L,K,V,K,S,S,R,Q,M,F,T,C,I,W,R,Q,N,0
S,S,I,A,I,V,P,F,G,G,I,L,K,V,K,S,S,R,Q,M,F,T,C,I,W,R,Q,N,0
S,S,I,A,I,V,P,F,G,G,I,L,K,V,K,S,S,R,Q,M,F,T,C,I,W,R,Q,N,0
S,S,I,A,I,V,P,F,G,G,I,L,K,V,K,S,S,R,Q,M,F,T,C,I,W,R,Q,N,0
S,S,I,A,I,V,T,F,G,G,I,L,K,V,K,S,S,R,Q,M,F,T,C,I,W,R,Q,N,1
S,S,I,A,I,V,P,F,G,G,I,L,K,V,K,S,S,R,Q,M,F,T,C,I,W,R,Q,N,0
N,S,I,A,I,V,P,F,G,G,I,L,K,V,K,S,S,R,Q,M,F,T,C,I,W,R,Q,N,1
T,S,I,A,I,V,P,F,G,G,I,L,K,V,K,S,S,R,Q,M,F,T,C,I,W,R,Q,N,1
S,S,I,A,I,V,P,F,G,G,I,L,K,V,K,S,S,R,Q,M,F,T,C,I,W,R,Q,N,0
T,S,I,A,I,V,P,F,G,G,I,L,K,V,K,S,S,R,Q,M,F,T,C,I,W,R,Q,N,1
S,S,I,A,I,V,P,F,G,G,I,L,K,V,K,S,S,R,Q,M,F,T,C,I,W,R,Q,N,0
S,S,I,A,I,V,P,F,G,G,I,L,K,V,K,S,S,R,Q,M,F,T,C,I,W,R,Q,N,0
S,S,I,A,I,V,P,F,G,G,I,L,K,V,K,S,S,R,Q,M,F,T,C,I,W,R,Q,N,0
S,S,I,A,I,V,P,F,G,G,I,L,K,V,K,S,S,R,Q,M,F,T,C,I,W,R,Q,N,0
H,S,I,A,I,V,P,F,G,R,D,L,K,V,K,S,S,P,Q,M,F,D,C,I,W,*,D,E,0
S,S,I,A,I,V,P,F,G,G,I,L,K,V,K,S,S,R,Q,M,F,T,C,I,W,R,Q,N,0
S,S,I,A,I,V,P,F,G,G,I,L,K,V,K,S,S,R,Q,M,F,T,C,I,W,R,Q,N,0
S,S,I,A,I,V,P,F,G,G,I,L,K,V,K,S,S,R,Q,M,F,T,C,I,W,R,Q,N,0
S,S,I,A,I,V,P,F,G,G,I,L,K,V,K,S,S,R,Q,M,F,T,C,I,W,R,Q,N,0
S,A,I,A,I,V,P,F,G,G,I,L,K,V,K,S,S,R,Q,M,F,T,C,I,W,R,Q,N,1
S,S,I,A,I,V,P,F,G,G,I,L,K,V,K,S,S,R,Q,M,F,T,C,I,W,R,Q,N,0
S,S,I,A,I,V,P,F,G,G,I,L,K,V,K,S,S,R,Q,M,F,T,C,I,W,R,Q,N,0
S,S,I,A,I,V,P,F,G,G,I,L,K,V,K,S,S,R,Q,M,F,T,C,I,W,R,Q,N,0
S,S,I,A,I,V,P,F,G,G,I,L,K,V,K,S,S,R,Q,M,F,T,C,I,W,R,Q,N,0
S,S,I,A,I,V,P,F,G,G,I,L,K,V,K,S,S,R,Q,M,F,T,C,I,W,R,Q,N,0
S,S,I,A,I,V,P,F,G,G,I,L,K,V,K,S,S,R,Q,M,F,T,C,I,W,R,Q,N,0
S,S,I,A,I,V,P,F,G,G,I,L,K,V,K,S,S,R,Q,M,F,T,C,I,W,R,Q,N,0
T,S,I,A,I,V,P,F,G,G,I,L,K,V,K,S,S,R,Q,M,F,T,C,I,W,R,Q,N,1
S,S,I,A,I,V,P,F,G,G,I,L,K,V,K,S,S,R,Q,M,F,T,C,I,W,R,Q,N,0
S,S,I,A,I,V,P,F,G,G,I,L,K,V,K,S,S,R,Q,M,F,T,C,I,W,R,Q,N,0
S,S,I,A,I,V,P,F,G,G,I,L,K,V,K,S,S,R,Q,M,F,T,C,I,W,R,Q,N,0
S,S,I,A,I,V,P,F,G,G,I,L,K,V,K,S,S,R,Q,M,F,T,C,I,W,R,Q,N,0
S,S,I,A,I,V,P,F,G,G,I,L,K,V,K,S,S,R,Q,M,F,T,C,I,W,R,Q,N,0
S,S,I,A,I,V,P,F,G,G,I,L,K,V,K,S,S,R,Q,M,F,T,C,I,W,R,Q,N,0
S,S,I,A,I,V,P,F,G,G,I,L,K,V,K,S,S,R,Q,M,F,T,C,I,W,R,Q,N,0
S,S,I,A,I,V,P,F,G,G,I,L,K,V,K,S,S,R,Q,M,F,T,C,I,W,R,Q,N,0
S,S,I,A,I,V,P,F,G,G,I,L,K,V,K,S,S,R,Q,M,F,T,C,I,W,R,Q,N,0
T,S,I,A,I,V,P,F,G,G,I,L,K,V,K,S,S,R,Q,M,F,T,C,I,W,R,Q,N,1
S,S,I,A,I,V,P,F,G,G,I,L,K,V,K,S,S,R,Q,M,F,T,C,I,W,R,Q,N,0
S,S,I,A,I,V,P,F,G,G,I,L,K,V,K,S,S,R,Q,M,F,T,C,I,W,R,Q,N,0
T,S,I,A,I,V,P,F,G,G,I,L,K,V,K,S,S,R,Q,M,F,T,C,I,W,R,Q,N,1
S,S,I,A,I,V,P,F,G,G,I,L,K,V,K,S,S,R,Q,M,F,T,C,I,W,R,Q,N,0
S,S,I,A,I,V,P,F,G,G,I,L,K,V,K,S,S,R,Q,M,F,T,C,I,W,R,Q,N,0
S,S,I,A,I,V,P,F,G,G,I,L,K,V,K,S,S,R,Q,M,F,T,C,I,W,R,Q,N,0
S,S,I,A,I,V,P,F,G,G,I,L,K,V,K,S,S,R,Q,M,F,T,C,I,W,R,Q,N,0
S,S,I,A,I,V,P,F,G,G,I,L,K,V,K,S,S,R,Q,M,F,T,C,I,W,R,Q,N,0
T,S,I,A,I,V,P,F,G,G,I,L,K,V,K,S,S,R,Q,M,F,T,C,I,W,R,Q,N,1
S,S,I,A,I,V,P,F,G,G,I,L,K,V,K,S,S,R,Q,M,F,T,C,I,W,R,Q,N,0
S,S,I,A,I,V,P,F,G,G,I,L,K,V,K,S,S,R,Q,M,F,T,C,I,W,R,Q,N,0
T,S,I,A,I,V,P,F,G,G,I,L,K,V,K,S,S,R,Q,M,F,T,C,I,W,R,Q,N,0
S,S,I,A,I,V,P,F,G,G,I,L,K,V,K,S,S,R,Q,M,F,T,C,I,W,R,Q,N,0
S,S,I,A,I,V,P,F,G,G,I,L,K,V,K,S,S,R,Q,M,F,T,C,I,W,R,Q,N,0
T,S,I,A,I,V,P,F,G,G,I,L,K,V,K,S,S,R,Q,M,F,T,C,I,W,R,Q,N,1
S,S,I,A,I,V,P,F,G,G,I,L,K,V,K,S,S,R,Q,M,F,T,C,I,W,R,Q,N,0
S,S,I,A,I,V,P,F,G,G,I,L,K,V,K,S,S,R,Q,M,F,T,C,I,W,R,Q,N,0
S,S,I,A,I,V,P,F,G,G,I,L,K,V,K,S,S,R,Q,M,F,T,C,I,W,R,Q,N,0
S,S,I,A,I,V,P,F,G,G,I,L,K,V,K,S,S,R,Q,M,F,T,C,I,W,R,Q,N,0
S,S,I,A,I,V,P,F,G,G,I,L,K,V,K,S,S,R,Q,M,F,T,C,I,W,R,Q,N,0
T,S,I,A,I,V,P,F,G,G,I,L,K,V,K,S,S,R,Q,M,F,T,C,I,W,R,Q,N,1
S,S,I,A,I,V,P,F,G,G,I,L,K,V,K,S,S,R,Q,M,F,T,C,I,W,R,Q,N,0
S,S,I,A,I,V,P,F,G,G,I,L,K,V,K,S,S,R,Q,M,F,T,C,I,W,R,Q,N,0
S,S,I,A,I,V,P,F,G,G,I,L,K,V,K,S,S,R,Q,M,F,T,C,I,W,R,Q,N,0
S,S,I,A,I,V,P,F,G,G,I,L,K,V,K,S,S,R,Q,M,F,T,C,I,W,R,Q,N,0
S,S,I,A,I,V,P,F,G,G,I,L,K,V,K,S,S,R,Q,M,F,T,C,I,W,R,Q,N,0
T,S,I,A,I,V,P,F,G,G,I,L,K,V,K,S,S,R,Q,M,F,T,C,I,W,R,Q,N,1
S,S,I,A,I,V,P,F,G,G,I,L,K,V,K,S,S,R,Q,M,F,T,C,I,W,R,Q,N,0
S,S,I,A,I,V,P,F,G,G,I,L,K,V,K,S,S,R,Q,M,F,T,C,I,W,R,Q,N,0
S,S,I,A,I,V,P,F,G,G,I,L,K,V,K,S,S,R,Q,M,F,T,C,I,W,R,Q,N,0
S,S,I,A,I,V,P,F,G,G,I,L,K,V,K,S,S,R,Q,M,F,T,C,I,W,R,Q,N,0
S,S,I,A,I,V,P,F,G,G,I,L,K,V,K,S,S,R,Q,M,F,T,C,I,W,R,Q,N,0
S,S,I,A,I,V,P,F,G,G,I,L,K,V,K,S,S,R,Q,M,F,T,C,I,W,R,Q,N,0
S,S,I,A,I,V,P,F,G,G,I,L,K,V,K,S,S,R,Q,M,F,T,C,I,W,R,Q,N,0
T,S,I,A,I,V,P,F,G,G,I,L,K,V,K,S,S,R,Q,M,F,T,C,I,W,R,Q,N,1
S,S,I,A,I,V,P,F,G,G,I,L,K,V,K,S,S,R,Q,M,F,T,C,I,W,R,Q,N,0
S,S,I,A,I,V,P,F,G,G,I,L,K,V,K,S,S,R,Q,M,F,T,C,I,W,R,Q,N,0
S,S,I,A,I,V,P,F,A,G,I,L,K,I,Q,S,N,R,E,H,L,T,V,M,W,R,Q,N,0
S,S,I,A,I,V,P,F,G,G,I,L,K,V,K,S,S,R,Q,M,F,T,C,I,W,R,Q,N,0
S,S,I,A,I,V,P,F,G,G,I,L,K,V,K,S,S,R,Q,M,F,T,C,I,W,R,Q,N,0
S,S,I,A,I,V,P,F,G,G,I,L,K,V,K,S,S,R,Q,M,F,T,C,I,W,R,Q,N,0
S,S,I,A,I,V,P,F,G,G,I,L,K,V,K,S,S,R,Q,M,F,T,C,I,W,R,Q,N,0
S,S,I,A,I,V,P,F,G,G,I,L,K,V,K,S,S,R,Q,M,F,T,C,I,W,R,Q,N,0
S,S,I,A,I,V,P,F,G,G,I,L,K,V,K,S,S,R,Q,M,F,T,C,I,W,R,Q,N,0
S,S,I,A,I,V,P,F,G,G,I,L,K,V,K,S,S,R,Q,M,F,T,C,I,W,R,Q,N,0
S,S,I,A,I,V,P,F,G,G,I,L,K,V,K,S,S,R,Q,M,F,T,C,I,W,R,Q,N,0
S,S,I,S,I,V,P,F,G,G,I,L,K,V,K,S,S,R,Q,M,F,T,C,I,W,R,Q,N,1
S,S,I,A,I,V,P,F,G,G,I,L,K,V,K,S,S,R,Q,M,F,T,C,I,W,R,Q,N,0
S,S,I,A,I,V,P,F,G,G,I,L,K,V,K,S,S,R,Q,M,F,T,C,I,W,R,Q,N,0
S,S,I,A,I,V,P,F,G,G,I,L,K,V,K,S,S,R,Q,M,F,T,C,I,W,R,Q,N,0
S,S,I,A,I,V,P,F,G,G,I,L,K,V,K,S,S,R,Q,M,F,T,C,I,W,R,Q,N,0
S,S,I,A,I,V,P,F,G,G,I,L,K,V,K,S,S,R,Q,M,F,T,C,I,W,R,Q,N,0
S,S,I,A,I,V,P,F,G,G,I,L,K,V,K,S,S,R,Q,M,F,T,C,I,W,R,Q,N,1
S,S,I,A,I,V,P,F,G,G,I,L,K,V,K,S,S,R,Q,M,F,T,C,I,W,R,Q,N,0
S,S,I,A,I,V,P,F,G,G,I,L,K,V,K,S,S,R,Q,M,F,T,C,I,W,R,Q,N,0
S,S,I,A,I,V,P,F,G,G,I,L,K,V,K,S,S,R,Q,M,F,T,C,I,W,R,Q,N,0
S,S,I,A,I,V,P,F,G,G,I,L,K,V,K,S,S,R,Q,M,F,T,C,I,W,R,Q,N,0
T,S,I,A,I,V,P,F,G,G,I,L,K,V,K,S,S,R,Q,M,F,T,C,I,W,R,Q,N,1
T,S,I,A,I,V,P,F,G,G,I,L,K,V,K,S,S,R,Q,M,F,T,C,I,W,R,Q,N,1
S,S,I,A,I,V,P,F,G,G,I,L,K,V,K,S,S,R,Q,M,F,T,C,I,W,R,Q,N,0
S,S,I,A,I,V,P,F,G,G,I,L,K,V,K,S,S,R,Q,M,F,T,C,I,W,R,Q,N,0
S,A,I,A,I,V,P,F,G,G,I,L,K,V,K,S,S,R,Q,M,F,T,C,I,W,R,Q,N,1
T,S,I,A,I,V,P,F,G,G,I,L,K,V,K,S,S,R,Q,M,F,T,C,I,W,R,Q,N,1
S,S,I,A,I,V,P,F,G,G,I,L,K,V,K,S,S,R,Q,M,F,T,C,I,W,R,Q,N,0
S,S,I,A,I,V,P,F,G,G,I,L,K,V,K,S,S,R,Q,M,F,T,C,I,W,R,Q,N,0
S,S,I,A,I,V,P,F,G,G,I,L,K,V,K,S,S,R,Q,M,F,T,C,I,W,R,Q,N,0
T,S,I,A,I,V,P,F,G,G,I,L,K,V,K,S,S,R,Q,M,F,T,C,I,W,R,Q,N,1
S,S,I,A,I,V,P,F,G,G,I,L,K,V,K,S,S,R,Q,M,F,T,C,I,W,R,Q,N,0
S,S,I,A,I,V,P,F,G,G,I,L,K,V,K,S,S,R,Q,M,F,T,C,I,W,R,Q,N,0
S,S,I,A,I,V,P,F,G,G,I,L,K,V,K,S,S,R,Q,M,F,T,C,I,W,R,Q,N,0
S,S,I,A,I,V,P,F,G,G,I,L,K,V,K,S,S,R,Q,M,F,T,C,I,W,R,Q,N,0
S,S,I,A,I,V,P,F,G,G,I,L,K,V,K,S,S,R,Q,M,F,T,C,I,W,R,Q,N,0
S,S,I,A,I,V,P,F,G,G,I,L,K,V,K,S,S,R,Q,M,F,T,C,I,W,R,Q,N,0
S,S,I,A,I,V,P,F,G,G,I,L,K,V,K,S,S,R,Q,M,F,T,C,I,W,R,Q,N,0
S,S,I,A,I,V,P,F,G,G,I,L,K,V,K,S,S,R,Q,M,F,T,C,I,W,R,Q,N,0
S,S,I,A,I,V,P,F,G,G,I,L,K,V,K,S,S,R,Q,M,F,T,C,I,W,R,Q,N,0
S,S,I,A,I,V,P,F,G,G,I,L,K,V,K,S,S,R,Q,M,F,T,C,I,W,R,Q,N,0
S,S,I,A,I,V,P,F,G,G,I,L,K,V,K,S,S,R,Q,M,F,T,C,I,W,R,Q,N,0
S,S,I,A,I,V,P,F,G,G,I,L,K,V,K,S,S,R,Q,M,F,T,C,I,W,R,Q,N,0
S,S,I,A,I,V,P,F,G,G,I,L,K,V,K,S,S,R,Q,M,F,T,C,I,W,R,Q,N,0
S,S,I,A,I,V,P,F,G,G,I,L,K,V,K,S,S,R,Q,M,F,T,C,I,W,R,Q,N,0
T,S,I,A,I,V,P,F,G,G,I,L,K,V,K,S,S,R,Q,M,F,T,C,I,W,R,Q,N,1
S,S,I,A,I,V,P,F,G,G,I,L,K,V,K,S,S,R,Q,M,F,T,C,I,W,R,Q,N,0
S,S,I,A,I,V,P,F,G,G,I,L,K,V,K,S,S,R,Q,M,F,T,C,I,W,R,Q,N,0
S,S,I,A,I,V,P,F,G,G,I,L,K,V,K,S,S,R,Q,M,F,T,C,I,W,R,Q,N,0
I,S,I,A,I,V,P,F,G,G,I,L,K,V,K,S,S,R,Q,M,F,T,C,I,W,R,Q,N,1
T,S,I,A,I,V,P,F,G,G,I,L,K,V,K,S,S,R,Q,M,F,T,C,I,W,R,Q,N,1
S,S,I,A,I,V,P,F,G,G,I,L,K,V,K,S,S,R,Q,M,F,T,C,I,W,R,Q,N,0
T,S,I,A,I,V,P,F,G,G,I,L,K,V,K,S,S,R,Q,M,F,T,C,I,W,R,Q,N,1
T,S,I,A,I,V,P,F,G,G,I,L,K,V,K,S,S,R,Q,M,F,T,C,I,W,R,Q,N,1
S,S,I,A,I,V,P,F,G,G,I,L,K,V,K,S,S,R,Q,M,F,T,C,I,W,R,Q,N,0
S,S,I,A,I,V,P,F,G,G,I,L,K,V,K,S,S,R,Q,M,F,T,C,I,W,R,Q,N,0
S,S,I,A,I,V,P,F,G,G,I,L,K,V,K,S,S,R,Q,M,F,T,C,I,W,R,Q,N,0
S,S,I,A,I,V,P,F,G,G,I,L,K,V,K,S,S,R,Q,M,F,T,C,I,W,R,Q,N,0
T,S,I,A,I,V,P,F,G,G,I,L,K,V,K,S,S,R,Q,M,F,T,C,I,W,R,Q,N,1
S,S,I,A,I,V,P,F,G,G,I,L,K,V,K,S,S,R,Q,M,F,T,C,I,W,R,P,N,0
S,S,I,A,I,V,P,F,G,G,I,L,K,V,K,S,S,R,Q,M,F,T,C,I,W,R,Q,N,0
S,S,I,A,I,V,P,F,G,G,I,L,K,V,K,S,S,R,Q,M,F,T,C,I,W,R,Q,N,0
S,S,I,A,I,V,P,F,G,G,I,L,K,V,K,S,S,R,Q,M,F,T,C,I,W,R,Q,N,0
T,S,I,A,I,V,P,F,G,G,I,L,K,V,K,S,S,R,Q,M,F,T,C,I,W,R,Q,N,1
S,S,I,A,I,V,P,F,G,G,I,L,K,V,K,S,S,R,Q,M,F,T,C,I,W,R,Q,N,1
S,S,I,A,I,V,P,F,G,G,I,L,K,V,K,S,S,R,Q,M,F,T,C,I,W,R,Q,N,0
T,S,I,A,I,V,P,F,G,G,I,L,K,V,K,S,S,R,Q,M,F,T,C,I,W,R,Q,N,1
S,S,I,A,I,V,P,F,G,G,I,L,K,V,K,S,S,R,Q,M,F,T,C,I,W,R,Q,N,0
S,S,I,A,I,V,P,F,G,G,I,L,K,V,K,S,S,R,Q,M,F,T,C,I,W,R,Q,N,0
N,S,I,A,I,V,P,F,G,G,I,L,K,V,K,S,S,R,Q,M,F,T,C,I,W,R,Q,N,1
S,S,I,A,I,V,P,F,G,G,I,L,K,V,K,S,S,R,Q,M,F,T,C,I,W,R,Q,N,0
T,S,I,A,I,V,P,F,G,G,I,L,K,V,K,S,S,R,Q,M,F,T,C,I,W,R,Q,N,1
S,S,I,A,I,L,P,F,G,G,I,L,K,V,K,S,S,R,Q,M,F,T,C,I,W,R,Q,N,1
S,S,I,A,I,V,P,F,G,G,I,L,K,V,K,S,S,R,Q,M,F,T,C,I,W,R,Q,N,0
S,S,I,A,I,V,P,F,G,G,I,L,K,V,K,S,S,R,Q,M,F,T,C,I,W,R,Q,N,0
S,S,I,A,I,V,P,F,G,G,I,L,K,V,K,S,S,R,Q,M,F,T,C,I,W,R,Q,N,0
S,S,T,A,I,V,P,F,G,G,I,L,K,V,K,S,S,R,Q,M,F,T,C,I,W,R,Q,N,1
S,S,I,A,I,V,P,F,G,G,I,L,K,V,K,S,S,R,Q,M,F,T,C,I,W,R,Q,N,0
S,S,I,A,I,V,P,F,G,G,I,L,K,V,K,S,S,R,Q,M,F,T,C,I,W,R,Q,N,0
S,S,I,A,I,V,P,F,G,G,I,L,K,V,K,S,S,R,Q,M,F,T,C,I,W,R,Q,N,0
S,S,I,A,I,V,P,F,G,G,I,L,K,V,K,S,S,R,Q,M,F,T,C,I,W,R,Q,N,0
T,S,I,A,I,V,P,F,G,G,I,L,K,V,K,S,S,R,Q,M,F,A,C,I,W,R,Q,N,1
S,S,I,A,I,V,P,F,G,G,I,L,K,V,K,S,S,R,Q,M,F,T,C,I,W,R,Q,N,0
S,S,I,A,I,V,P,F,G,G,I,L,K,V,K,S,S,R,Q,M,F,T,C,I,W,R,Q,N,0
S,S,I,A,I,V,P,F,G,G,I,L,K,V,K,S,S,R,Q,M,F,T,C,I,W,R,Q,N,0
S,S,I,A,I,V,P,F,G,G,I,L,K,V,K,S,S,R,Q,M,F,T,C,I,W,R,Q,N,0
S,S,I,A,I,V,P,F,G,G,I,L,K,V,K,S,S,R,Q,M,F,T,C,I,W,R,Q,N,0
T,S,I,A,I,V,P,F,G,G,I,L,K,V,K,S,S,R,Q,M,F,T,C,I,W,R,Q,N,1
S,S,I,A,I,V,P,F,G,G,I,L,K,V,K,S,S,R,Q,M,F,T,C,I,W,R,Q,N,0
S,S,I,A,I,V,P,F,G,G,I,L,K,V,K,S,S,R,Q,M,F,T,C,I,W,R,Q,N,0
S,S,I,A,I,V,P,F,G,G,I,L,K,V,K,S,S,R,Q,M,F,T,C,I,W,R,Q,N,0
S,S,I,A,I,V,P,F,G,G,I,L,K,V,K,S,S,R,Q,M,F,T,C,I,W,R,Q,N,0
S,S,I,A,I,V,P,F,G,G,I,L,K,V,K,S,S,R,Q,M,F,T,C,I,W,R,Q,N,0
S,S,I,A,I,V,P,F,G,G,I,L,K,V,K,S,S,R,Q,M,F,T,C,I,W,R,Q,N,0
S,S,I,A,I,V,P,F,G,G,I,L,K,V,K,S,S,R,Q,M,F,T,C,I,W,R,Q,N,0
S,S,I,A,I,V,P,F,G,G,I,L,K,V,K,S,S,R,Q,M,F,T,C,I,W,R,Q,N,0
S,S,I,A,I,V,P,F,G,G,I,L,K,V,K,S,S,R,Q,M,F,T,C,I,W,R,Q,N,0
S,S,I,A,I,V,P,F,G,G,I,L,K,V,K,S,S,R,Q,M,F,T,C,I,W,R,Q,N,0
S,S,I,A,I,V,P,F,G,G,I,L,K,V,K,S,S,R,Q,M,F,T,C,I,W,R,Q,N,0
S,S,I,A,I,V,P,F,G,G,I,L,K,V,K,S,S,R,Q,M,F,T,C,I,W,R,Q,N,0
S,S,I,A,I,V,P,F,G,G,I,L,K,V,K,S,S,R,Q,M,F,T,C,I,W,R,Q,N,0
S,S,I,A,I,V,P,F,G,G,I,L,K,V,K,S,S,R,Q,M,F,T,C,I,W,R,Q,N,0
S,S,T,A,I,V,P,F,G,G,I,L,K,V,K,S,S,R,Q,M,F,T,C,I,W,R,Q,N,1
T,S,I,A,I,V,P,F,G,G,I,L,K,V,K,S,S,R,Q,M,F,T,C,I,W,R,Q,N,1
S,S,I,A,I,V,P,F,G,G,I,L,K,V,K,S,S,R,Q,M,F,T,C,I,W,R,Q,N,0
S,S,I,A,I,V,P,F,G,G,I,L,K,V,K,S,S,R,Q,M,F,T,C,I,W,R,Q,N,0
S,S,I,A,I,V,P,F,G,G,I,L,K,V,K,S,S,R,Q,M,F,T,C,I,W,R,Q,N,0
S,S,I,A,I,V,P,F,G,G,I,L,K,V,K,S,S,R,Q,M,F,T,C,I,W,R,Q,N,0
T,S,I,A,I,V,P,F,G,G,I,L,K,V,K,S,S,R,Q,M,F,T,C,I,W,R,Q,N,1
S,S,I,A,I,V,P,F,G,G,I,L,K,V,K,S,S,R,Q,M,F,T,C,I,W,R,Q,N,0
S,S,I,A,I,V,P,F,G,G,I,L,K,V,K,S,S,R,Q,M,F,T,C,I,W,R,Q,N,0
S,S,I,A,I,V,P,F,G,G,I,L,K,V,K,S,S,R,Q,M,F,T,C,I,W,R,Q,N,0
S,S,I,A,I,V,P,F,G,G,I,L,K,V,K,S,S,R,Q,M,F,T,C,I,W,R,Q,N,0
S,S,I,A,I,V,P,F,G,G,I,L,K,V,K,S,S,R,Q,M,F,T,C,I,W,R,Q,N,0
S,S,I,A,I,V,P,F,G,G,I,L,K,V,K,S,S,R,Q,M,F,T,C,I,W,R,Q,N,0
S,S,I,A,I,V,P,F,G,G,I,L,K,V,K,S,S,R,Q,M,F,T,C,I,W,R,Q,N,0
S,S,I,A,I,V,P,F,G,G,I,L,K,V,K,S,S,R,Q,M,F,T,C,I,W,R,Q,N,0
S,S,I,A,I,V,P,F,G,G,I,L,K,V,K,S,S,R,Q,M,F,T,C,I,W,R,Q,N,0
S,S,I,A,I,V,P,F,G,G,I,L,K,V,K,S,S,R,Q,M,F,T,C,I,W,R,Q,N,0
S,S,I,A,I,V,P,F,G,G,I,L,K,V,K,S,S,R,Q,M,F,T,C,I,W,R,Q,N,0
T,S,I,A,I,V,P,F,G,G,I,L,K,V,K,S,S,R,Q,M,F,T,C,I,W,R,Q,N,1
S,S,I,A,I,V,P,F,G,G,I,L,K,V,K,S,S,R,Q,M,F,T,C,I,W,R,Q,N,0
S,S,I,A,I,V,P,F,G,G,I,L,K,V,K,S,S,R,Q,M,F,T,C,I,W,R,Q,N,0
S,S,I,A,I,V,P,F,G,G,I,L,K,V,K,S,S,R,Q,M,F,T,C,I,W,R,Q,N,0
S,S,I,A,I,V,P,F,G,G,I,L,K,V,K,S,S,R,Q,M,F,T,C,I,W,R,Q,N,0
S,S,I,A,I,V,P,F,G,G,I,L,K,V,K,S,S,R,Q,M,F,T,C,I,W,R,Q,N,0
S,S,I,A,I,V,P,F,G,G,I,L,K,V,K,S,S,R,Q,M,F,T,C,I,W,R,Q,N,0
S,S,I,A,I,V,P,F,G,G,I,L,K,V,K,S,S,R,Q,M,F,T,C,I,W,R,Q,N,0
S,S,I,A,I,V,P,F,G,G,I,L,K,V,K,S,S,R,Q,M,F,T,C,I,W,R,Q,N,0
S,S,I,A,I,V,P,F,G,G,I,L,K,V,K,S,S,R,Q,M,F,T,C,I,W,R,Q,N,0
S,S,I,A,I,V,P,F,G,G,I,L,K,V,K,S,S,R,Q,M,F,T,C,I,W,R,Q,N,0
S,S,I,A,I,V,P,F,G,G,I,L,K,V,K,S,S,R,Q,M,F,T,C,I,W,R,Q,N,0
S,S,I,A,I,V,P,F,G,G,I,L,K,V,K,S,S,R,Q,M,F,T,C,I,W,R,Q,N,0
T,S,I,A,I,V,P,F,G,G,I,L,K,V,K,S,S,R,Q,M,F,T,C,I,W,R,Q,N,1
S,S,I,A,I,V,P,F,G,G,I,L,K,V,K,S,S,R,Q,M,F,T,C,I,W,R,Q,N,0
S,S,I,A,I,V,P,F,G,G,I,L,K,V,K,S,S,R,Q,M,F,T,C,I,W,R,Q,N,0
T,S,I,A,I,V,P,F,G,G,I,L,K,V,K,S,S,R,Q,M,F,T,C,I,W,R,Q,N,1
T,S,I,A,I,V,P,F,G,G,I,L,K,V,K,S,S,R,Q,M,F,T,C,I,W,R,Q,N,1
S,S,I,A,I,V,P,F,G,G,I,L,K,V,K,S,S,R,Q,M,F,T,C,I,W,R,Q,N,0
S,S,I,A,I,V,P,F,G,G,I,L,K,V,K,S,S,R,Q,M,F,T,C,I,W,R,Q,N,0
S,S,I,A,I,V,P,F,G,G,I,L,K,V,K,S,S,R,Q,M,F,T,C,I,W,R,Q,N,0
S,S,I,A,I,V,P,F,G,G,I,L,K,V,K,S,S,R,Q,M,F,T,C,I,W,R,Q,N,0
S,S,I,A,I,V,P,F,G,G,I,L,K,V,K,S,S,R,Q,M,F,T,C,I,W,R,Q,N,0
T,S,I,A,I,V,P,F,G,G,I,L,K,V,K,S,S,R,Q,M,F,T,C,I,W,R,Q,N,1
S,S,I,A,I,V,P,F,G,G,I,L,K,V,K,S,S,R,Q,M,F,T,C,I,W,R,Q,N,0
S,S,I,A,I,V,P,F,G,G,I,L,K,V,K,S,S,R,Q,M,F,T,C,I,W,R,Q,N,0
S,S,I,A,I,V,P,F,G,G,I,L,K,V,K,S,S,R,Q,M,F,T,C,I,W,R,Q,N,0
S,S,I,A,I,V,P,F,G,G,I,L,K,V,K,S,S,R,Q,M,F,T,C,I,W,R,Q,N,0
S,S,I,A,I,V,P,F,G,G,I,L,K,V,K,S,S,R,Q,M,F,T,C,I,W,R,Q,N,0
S,S,I,A,I,V,P,F,G,G,I,L,K,V,K,S,S,R,Q,M,F,T,C,I,W,R,Q,N,0
S,S,I,A,I,V,P,F,G,G,I,L,K,V,K,S,S,R,Q,M,F,T,C,I,W,R,Q,N,0
S,S,I,A,I,V,P,F,G,G,I,L,K,V,K,S,S,R,Q,M,F,T,C,I,W,R,Q,N,0
S,S,I,A,I,V,P,F,G,G,I,L,K,V,K,S,S,R,Q,M,F,T,C,I,W,R,Q,N,0
S,S,I,A,I,V,P,F,G,G,I,L,K,V,K,S,S,R,Q,M,F,T,C,I,W,R,Q,N,0
S,S,I,A,I,V,P,F,G,G,I,L,K,V,K,S,S,R,Q,M,F,T,C,I,W,R,Q,N,0
S,S,I,A,I,V,P,F,G,G,I,L,K,V,K,S,S,R,Q,M,F,T,C,I,W,R,Q,N,0
S,S,I,A,I,V,P,F,G,G,I,L,K,V,K,S,S,R,Q,M,F,T,C,I,W,R,Q,N,0
S,S,I,A,I,V,P,F,G,G,I,L,K,V,K,S,S,R,Q,M,F,T,C,I,W,R,Q,N,0
S,S,I,A,I,V,P,F,G,G,I,L,K,V,K,S,S,R,Q,M,F,T,C,I,W,R,Q,N,0
S,S,I,A,I,V,P,F,G,G,I,L,K,V,K,S,S,R,Q,M,F,T,C,I,W,R,Q,N,0
S,S,I,A,I,V,P,F,G,G,I,L,K,V,K,S,S,R,Q,M,F,T,C,I,W,R,Q,N,0
S,S,I,A,I,V,P,F,G,G,I,L,K,V,K,S,S,R,Q,M,F,T,C,I,W,R,Q,N,0
S,S,T,A,I,V,P,F,G,G,I,L,K,V,K,S,S,R,Q,M,F,T,C,I,W,R,Q,N,1
S,S,I,A,I,V,P,F,G,G,I,L,K,V,K,S,S,R,Q,M,F,T,C,I,W,R,Q,N,0
T,S,I,A,I,V,P,F,G,G,I,L,K,V,K,S,S,R,Q,M,F,T,C,I,W,R,Q,N,1
S,S,I,A,I,V,P,F,G,G,I,L,K,V,K,S,S,R,Q,M,F,T,C,I,W,R,Q,N,0
S,S,I,A,I,V,P,F,G,G,I,L,K,V,K,S,S,R,Q,M,F,T,C,I,W,R,Q,N,0
S,S,I,A,I,V,P,F,G,G,I,L,K,V,K,S,S,R,Q,M,F,T,C,I,W,R,Q,N,0
S,S,I,A,I,V,P,F,G,G,I,L,K,V,K,S,S,R,Q,M,F,T,C,I,W,R,Q,N,0
S,S,I,A,I,V,P,F,G,G,I,L,K,V,K,S,S,R,Q,M,F,T,C,I,W,R,Q,N,0
S,S,I,A,I,V,P,F,G,G,I,L,K,V,K,S,S,R,Q,M,F,T,C,I,W,R,Q,N,0
S,S,I,A,I,V,P,F,G,G,I,L,K,V,K,S,S,R,Q,M,F,T,C,I,W,R,Q,N,0
S,S,I,A,I,V,P,F,G,G,I,L,K,V,K,S,S,R,Q,M,F,T,C,I,W,R,Q,N,0
S,S,I,A,I,V,P,F,G,G,I,L,K,V,K,S,S,R,Q,M,F,T,C,I,W,R,Q,N,0
S,S,I,A,I,V,P,F,G,G,I,L,K,V,K,S,S,R,Q,M,F,T,C,I,W,R,Q,N,0
S,S,I,A,I,V,P,F,G,G,I,L,K,V,K,S,S,R,Q,M,F,T,C,I,W,R,Q,N,0
S,S,T,A,I,V,P,F,G,G,I,L,K,V,K,S,S,R,Q,M,F,T,C,I,W,R,Q,N,1
S,S,I,A,I,V,P,F,G,G,I,L,K,V,K,S,S,R,Q,M,F,T,C,I,W,R,Q,N,0
S,S,I,A,I,V,P,F,G,G,I,L,K,V,K,S,S,R,Q,M,F,T,C,I,W,R,Q,N,0
S,S,I,A,I,V,P,F,G,G,I,L,K,V,K,S,S,R,Q,M,F,T,C,I,W,R,Q,N,0
T,S,I,A,I,V,P,F,G,G,I,L,K,V,K,S,S,R,Q,M,F,T,C,I,W,R,Q,N,1
S,S,I,A,I,V,P,F,G,G,I,L,K,V,K,S,S,R,Q,M,F,T,C,I,W,R,Q,N,0
S,S,I,A,I,V,P,F,G,G,I,L,K,V,K,S,S,R,Q,M,F,T,C,I,W,R,Q,N,0
S,S,I,A,I,V,P,F,G,G,I,L,K,V,K,S,S,R,Q,M,F,T,C,I,W,R,Q,N,0
S,S,I,A,I,V,P,F,G,G,I,L,K,V,K,S,S,R,Q,M,F,T,C,I,W,R,Q,N,0
S,S,I,A,I,V,P,F,G,G,I,L,K,V,K,S,S,R,Q,M,F,T,C,I,W,R,Q,N,0
S,S,I,A,I,V,P,F,G,G,I,L,K,V,K,S,S,R,Q,M,F,T,C,I,W,R,Q,N,0
T,S,I,A,I,V,P,F,G,G,I,L,K,V,K,S,S,R,Q,M,F,T,C,I,W,R,Q,N,1
S,S,I,A,I,V,P,F,G,G,I,L,K,V,K,S,S,R,Q,M,F,T,C,I,W,R,Q,N,0
S,S,I,A,I,V,P,F,G,G,I,L,K,V,K,S,S,R,Q,M,F,T,C,I,W,R,Q,N,0
S,S,I,A,I,V,P,F,G,G,I,L,K,V,K,S,S,R,Q,M,F,T,C,I,W,R,Q,N,0
S,S,I,A,I,V,P,F,G,G,I,L,K,V,K,S,S,R,Q,M,F,T,C,I,W,R,Q,N,0
S,S,I,A,I,V,P,F,G,G,I,L,K,V,K,S,S,R,Q,M,F,T,C,I,W,R,Q,N,0
S,S,I,A,I,V,P,F,G,G,I,L,K,V,K,S,S,R,Q,M,F,T,C,I,W,R,Q,N,0
S,S,I,A,I,V,P,F,G,G,I,L,K,V,K,S,S,R,Q,M,F,T,C,I,W,R,Q,N,0
S,S,I,A,I,V,P,F,G,G,I,L,K,V,K,S,S,R,Q,M,F,T,C,I,W,R,Q,N,0
S,S,I,A,I,V,P,F,G,G,I,L,K,V,K,S,S,R,Q,M,F,T,C,I,W,R,Q,N,0
T,S,I,A,I,V,P,F,G,G,I,L,K,V,K,S,S,R,Q,M,F,T,C,I,W,R,Q,N,1
S,S,I,A,I,V,P,F,G,G,I,L,K,V,K,S,S,R,Q,M,F,T,C,I,W,R,Q,N,0
T,S,I,A,I,V,P,F,G,G,I,L,K,V,K,S,S,R,Q,M,F,T,C,I,W,R,Q,N,1
S,S,I,A,V,V,P,F,G,G,I,L,K,V,K,S,S,R,Q,M,F,T,C,I,W,R,Q,N,1
S,S,I,A,I,V,P,F,G,G,I,L,K,V,K,S,S,R,Q,M,F,T,C,I,W,R,Q,N,0
S,S,I,A,I,V,P,F,G,G,I,L,K,V,K,S,S,R,Q,M,F,T,C,I,W,R,Q,N,0
T,S,I,A,I,V,P,F,G,G,I,L,K,V,K,S,S,R,Q,M,F,T,C,I,W,R,Q,N,1
S,S,I,A,I,V,P,F,G,G,I,L,K,V,K,S,S,R,Q,M,F,T,C,I,W,R,Q,N,0
S,S,I,A,I,V,P,F,G,G,I,L,K,V,K,S,S,R,Q,M,F,T,C,I,W,R,Q,N,0
S,S,I,A,I,V,P,F,G,G,I,L,K,V,K,S,S,R,Q,M,F,T,C,I,W,R,Q,N,0
S,S,T,A,I,V,P,F,G,G,I,L,K,V,K,S,S,R,Q,M,F,T,C,I,W,R,Q,N,0
S,S,I,A,I,V,P,F,G,G,I,L,K,V,K,S,S,R,Q,M,F,T,C,I,W,R,Q,N,0
S,S,I,A,I,V,P,F,G,G,I,L,K,V,K,S,S,R,Q,M,F,T,C,I,W,R,Q,N,0
S,S,I,A,I,V,P,F,G,G,I,L,K,V,K,S,S,R,Q,M,F,T,C,I,W,R,Q,N,0
S,S,I,A,I,V,P,F,G,G,I,L,K,V,K,S,S,R,Q,M,F,T,C,I,W,R,Q,N,0
T,S,I,A,I,V,P,F,G,G,I,L,K,V,K,S,S,R,Q,M,F,T,C,I,W,R,Q,N,1
S,S,I,A,I,V,P,F,G,G,I,L,K,V,K,S,S,R,Q,M,F,T,C,I,W,R,Q,N,0
T,S,I,A,I,V,P,F,G,G,I,L,K,V,K,S,S,R,Q,M,F,T,C,I,W,R,Q,N,1
S,S,I,A,I,V,P,F,G,G,I,L,K,V,K,S,S,R,Q,M,F,T,C,I,W,R,Q,N,0
T,S,I,A,I,V,P,F,G,G,I,L,K,V,K,S,S,R,Q,M,F,T,C,I,W,R,Q,N,1
T,S,I,A,I,V,P,F,G,G,I,L,K,V,K,S,S,R,Q,M,F,T,C,I,W,R,Q,N,1
S,S,I,A,I,V,P,F,G,G,I,L,K,V,K,S,S,R,Q,M,F,T,C,I,W,R,Q,N,0
S,S,I,A,I,V,P,F,G,G,I,L,K,V,K,S,S,R,Q,M,F,T,C,I,W,R,Q,N,0
T,S,I,A,I,V,P,F,G,G,I,L,K,V,K,S,S,R,Q,M,F,T,C,I,W,R,Q,N,1
S,S,I,A,I,V,P,F,G,G,I,L,K,V,K,S,S,R,Q,M,F,T,C,I,W,R,Q,N,0
S,S,I,A,I,V,P,F,G,G,I,L,K,V,K,S,S,R,Q,M,F,T,C,I,W,R,Q,N,0
S,S,I,A,I,V,P,F,G,G,I,L,K,V,K,S,S,R,Q,M,F,T,C,I,W,R,Q,N,0
S,S,I,A,I,V,P,F,G,G,I,L,K,V,K,S,S,R,Q,M,F,T,C,I,W,R,Q,N,0
S,S,I,A,I,V,P,F,G,G,I,L,K,V,K,S,S,P,Q,M,F,D,C,I,W,*,D,E,0
S,S,I,A,I,V,P,F,G,G,I,L,K,V,K,S,S,R,Q,M,F,T,C,I,W,R,Q,N,0
S,S,I,A,I,V,P,F,G,G,I,L,K,V,K,S,S,R,Q,M,F,T,C,I,W,R,Q,N,0
S,S,I,A,I,V,P,F,G,G,I,L,K,V,K,S,S,R,Q,M,F,T,C,I,W,R,Q,N,0
S,S,I,A,I,V,P,F,G,G,I,L,K,V,K,S,S,R,Q,M,F,T,C,I,W,R,Q,N,0
S,S,I,A,I,V,P,F,G,G,I,L,K,V,K,S,S,R,Q,M,F,T,C,I,W,R,Q,N,0
S,S,I,A,I,V,P,F,G,G,I,L,K,V,K,S,S,R,Q,M,F,T,C,I,W,R,Q,N,0
S,S,I,A,I,V,P,F,G,G,I,L,K,V,K,S,S,R,Q,M,F,T,C,I,W,R,Q,N,0
S,S,I,A,I,V,P,F,G,G,I,L,K,V,K,S,S,R,Q,M,F,T,C,I,W,R,Q,N,0
S,S,I,A,I,V,P,F,G,G,I,L,K,V,K,S,S,R,Q,M,F,T,C,I,W,R,Q,N,0
S,S,I,A,I,V,P,F,G,G,I,L,K,V,K,S,S,R,Q,M,F,T,C,I,W,R,Q,N,0
S,S,I,A,I,V,P,F,G,G,I,L,K,V,K,S,S,R,Q,M,F,T,C,I,W,R,Q,N,0
S,S,I,A,I,V,P,F,G,G,I,L,K,V,K,S,S,R,Q,M,F,T,C,I,W,R,Q,N,0
S,S,I,A,I,V,P,F,G,G,I,L,K,V,K,S,S,R,Q,M,F,T,C,I,W,R,Q,N,0
T,S,I,A,I,V,P,F,G,G,I,L,K,V,K,S,S,R,Q,M,F,T,C,I,W,R,Q,N,1
T,S,I,A,I,V,P,F,G,G,I,L,K,V,K,S,S,R,Q,M,F,T,C,I,W,R,Q,N,1
S,S,I,A,I,V,P,F,G,G,I,L,K,V,K,S,S,R,Q,M,F,T,C,I,W,R,Q,N,0
S,S,I,A,I,V,P,F,G,G,I,L,K,V,K,S,S,R,Q,M,F,T,C,I,W,R,Q,N,0
S,S,I,A,I,V,P,F,G,G,I,L,K,V,K,S,S,R,Q,M,F,T,C,I,W,R,Q,N,0
S,S,I,A,I,V,P,F,G,G,I,L,K,V,K,S,S,R,Q,M,F,T,C,I,W,R,Q,N,0
S,S,I,A,I,V,P,F,G,G,I,L,K,V,K,S,S,R,Q,M,F,T,C,I,W,R,Q,N,0
S,S,I,A,I,V,P,F,G,G,I,L,K,V,K,S,S,R,Q,M,F,T,C,I,W,R,Q,N,0
S,S,I,A,I,V,P,F,G,G,I,L,K,V,K,S,S,R,Q,M,F,T,C,I,W,R,Q,N,0
S,S,I,A,I,V,P,F,G,G,I,L,K,V,K,S,S,R,Q,M,F,T,C,I,W,R,Q,N,0
S,S,I,A,I,V,P,F,G,D,I,L,K,V,K,S,S,H,Q,M,F,T,C,I,W,R,Q,N,1
S,S,I,A,I,V,P,F,G,G,I,L,K,V,K,S,S,R,Q,M,F,T,C,I,W,R,Q,N,0
T,S,I,A,I,V,P,F,G,G,I,L,K,V,K,S,S,R,Q,M,F,T,C,I,W,R,Q,N,1
T,S,I,A,I,V,P,F,G,G,I,L,K,V,K,S,S,R,Q,M,F,T,C,I,W,R,Q,N,1
S,S,I,A,I,V,P,F,G,G,I,L,K,V,K,S,S,R,Q,M,F,T,C,I,W,R,Q,N,0
S,S,I,A,I,V,P,F,G,G,I,L,K,V,K,S,S,R,Q,M,F,T,C,I,W,R,Q,N,0
T,S,I,A,I,V,P,F,G,G,I,L,K,V,K,S,S,R,Q,M,F,T,C,I,W,R,Q,N,0
T,S,I,A,I,V,P,F,G,G,I,L,K,V,K,S,S,R,Q,M,F,T,C,I,W,R,Q,N,1
S,S,I,A,I,V,P,F,G,G,I,L,K,V,K,S,S,R,Q,M,F,T,C,I,W,R,Q,N,0
T,S,I,A,I,V,P,F,A,G,I,K,R,I,Q,L,N,R,E,H,L,T,V,M,W,R,Q,N,1
S,S,I,A,I,V,P,F,G,G,I,L,K,V,K,S,S,R,Q,M,F,T,C,I,W,R,Q,N,0
S,S,I,A,I,V,P,F,G,G,I,L,K,V,K,S,S,R,Q,M,F,T,C,I,W,R,Q,N,0
S,S,I,A,I,V,P,F,G,G,I,L,K,V,K,S,S,R,Q,M,F,T,C,I,W,R,Q,N,0
S,S,I,A,I,V,P,F,G,G,I,L,K,V,K,S,S,R,Q,M,F,T,C,I,W,R,Q,N,0
S,S,I,A,I,V,P,F,G,G,I,L,K,V,K,S,S,R,Q,M,F,T,C,I,W,R,Q,N,0
S,S,I,A,I,V,P,F,G,G,I,L,K,V,K,S,S,R,Q,M,F,T,C,I,W,R,Q,N,0
S,S,I,A,I,V,P,F,G,G,I,L,K,V,K,S,S,R,Q,M,F,T,C,I,W,R,Q,N,0
S,S,I,A,I,V,P,F,G,G,I,L,K,V,K,S,S,R,Q,M,F,T,C,I,W,R,Q,N,0
S,S,I,A,I,V,P,F,G,G,I,L,K,V,K,S,S,R,Q,M,F,T,C,I,W,R,Q,N,0
S,S,I,A,I,V,P,F,G,G,I,L,K,V,K,S,S,R,Q,M,F,T,C,I,W,R,Q,N,0
S,S,I,A,I,V,P,F,G,G,I,L,K,V,K,S,S,R,Q,M,F,T,C,I,W,R,Q,N,0
S,S,I,A,I,V,P,F,G,G,I,L,K,V,K,S,S,R,Q,M,F,T,C,I,W,R,Q,N,0
S,S,I,A,I,V,P,F,G,G,I,L,K,V,K,S,S,R,Q,M,F,T,C,I,W,R,Q,N,0
T,S,I,A,I,V,P,F,G,G,I,L,K,V,K,S,S,R,Q,M,F,T,C,I,W,R,Q,N,1
S,S,I,A,I,V,P,F,G,G,I,L,K,V,K,S,S,R,Q,M,F,T,C,I,W,R,Q,N,0
