P6,P7,P19,P27,P32,P42,P43,P46,P54,P55,P61,P66,P69,P70,P73,P74,P87,P89,P91,P92,P94,P95,P106,P117,P121,Pathogenicity
string,string,string,string,string,string,string,string,string,string,string,string,string,string,string,string,string,string,string,string,string,string,string,string,string,string
V,S,V,A,E,K,F,L,A,V,F,I,G,K,D,Q,D,L,H,R,K,I,M,Q,A,1
I,T,Q,E,V,E,R,I,S,V,L,S,A,A,E,E,A,C,N,I,T,K,L,S,T,1
I,T,Q,E,V,E,R,I,S,V,L,S,A,A,E,E,A,C,N,I,T,K,L,S,T,0
I,T,Q,E,V,E,R,I,S,V,L,N,A,T,D,E,A,C,N,I,T,K,L,S,T,0
I,T,Q,E,V,E,R,I,S,V,L,N,A,T,D,E,A,C,N,I,T,K,L,S,T,0
I,T,Q,E,V,E,R,T,S,V,L,I,A,T,E,E,A,C,N,I,T,K,L,S,T,0
I,T,Q,E,V,E,R,I,S,V,L,N,A,T,G,E,A,C,N,I,T,K,L,S,T,0
I,T,Q,E,?,E,R,I,F,V,L,S,A,T,E,E,A,C,N,I,T,K,L,S,T,0
I,T,Q,E,V,E,R,I,S,V,L,S,A,T,E,E,A,C,S,I,T,K,L,S,T,0
I,T,Q,E,M,E,R,I,S,V,L,I,A,T,E,E,A,C,N,I,T,K,L,S,T,0
I,T,Q,E,V,E,R,I,S,V,L,I,A,T,E,E,A,C,N,I,T,K,L,S,T,0
I,T,Q,E,V,E,R,I,S,V,L,N,A,T,N,E,A,C,N,I,T,K,L,S,T,1
I,T,Q,E,V,E,R,I,S,V,L,N,A,T,N,E,A,C,N,I,T,K,L,S,T,0
I,T,Q,E,V,E,R,I,S,M,L,N,A,T,N,E,A,C,N,I,T,K,L,S,T,1
I,T,Q,E,V,E,R,I,S,M,L,N,A,T,D,E,A,C,N,I,T,K,L,S,T,1
I,T,Q,E,V,E,R,I,S,M,L,N,A,T,D,E,A,C,N,I,T,K,L,S,T,1
I,T,Q,E,V,E,R,I,S,V,L,N,A,T,D,E,A,C,N,V,T,K,L,S,T,0
I,T,Q,E,V,E,C,I,S,V,L,N,A,T,D,E,A,C,N,I,T,K,L,S,T,0
I,T,Q,E,V,E,R,I,S,V,L,N,A,T,D,E,A,C,N,I,T,K,L,S,T,0
I,T,Q,E,V,E,R,I,S,V,L,S,A,T,E,E,A,C,N,I,T,K,L,S,T,0
I,T,Q,E,V,E,R,I,S,V,L,S,A,T,E,E,A,C,N,I,T,K,L,S,T,0
I,T,Q,E,V,E,R,I,S,V,L,S,A,T,D,E,A,C,N,I,T,K,L,S,T,0
I,T,Q,E,V,E,R,I,S,V,L,S,A,T,E,E,A,C,N,I,T,K,L,S,T,0
I,T,Q,E,A,E,R,I,S,V,L,N,A,T,D,E,A,C,N,I,T,K,L,S,T,0
I,T,Q,E,V,E,R,I,S,V,L,N,A,K,D,E,A,C,N,I,T,K,L,N,T,0
I,T,Q,E,V,E,R,I,S,V,L,S,A,T,E,E,A,C,N,I,T,K,L,S,T,0
I,T,Q,E,V,E,R,I,S,V,L,S,A,T,E,E,A,C,N,I,N,K,L,S,T,0
T,T,Q,E,V,E,R,I,S,L,L,S,A,T,E,E,A,C,N,I,T,K,L,S,T,0
V,L,V,A,E,E,S,L,A,V,L,I,G,K,E,Q,E,V,Y,R,K,T,M,Q,A,1
V,L,G,A,E,E,S,L,A,V,L,I,G,K,E,Q,E,V,Y,R,K,T,M,Q,A,1
V,L,V,A,E,E,S,L,A,V,L,I,G,K,E,Q,E,V,Y,R,K,T,M,Q,A,1
V,L,V,A,E,E,S,L,A,V,L,I,G,K,E,Q,E,V,Y,R,K,T,M,Q,A,1
V,L,V,A,E,E,S,L,A,V,L,I,G,K,E,Q,E,V,Y,R,K,T,M,Q,A,1
V,S,V,G,E,E,S,L,A,V,F,I,G,K,E,Q,E,V,H,R,K,I,M,Q,A,1
V,S,V,A,E,G,S,L,A,V,F,I,G,K,E,Q,E,I,H,R,K,T,M,Q,A,1
V,S,V,A,E,G,S,L,A,V,F,I,G,K,E,Q,E,I,H,R,K,T,M,Q,A,1
V,S,V,A,E,G,S,L,A,V,F,I,G,K,E,Q,E,V,H,R,K,I,M,Q,A,1
V,S,V,A,E,G,S,L,A,V,F,I,G,K,N,E,E,V,H,R,K,I,M,Q,A,1
V,S,V,A,E,G,S,L,A,V,F,I,G,K,E,Q,E,V,H,R,K,I,M,Q,A,1
V,S,V,A,E,G,S,L,A,V,F,I,G,K,E,Q,E,V,H,R,K,I,M,Q,T,1
V,S,V,A,E,G,S,L,A,V,F,I,G,K,E,Q,E,V,H,R,K,I,M,Q,T,1
V,S,V,A,E,G,S,L,A,V,F,I,G,K,E,Q,E,V,H,R,K,I,M,Q,A,1
V,S,V,A,E,G,S,L,A,V,F,I,G,K,E,Q,E,V,H,R,K,I,M,Q,T,1
V,S,V,A,E,G,S,L,A,V,F,I,G,K,E,Q,E,V,H,R,K,T,M,Q,A,1
V,S,V,A,E,G,S,L,A,V,F,I,G,K,E,Q,E,V,H,R,K,T,M,Q,A,1
V,S,V,A,E,G,S,L,A,V,F,T,G,K,E,Q,E,V,H,R,K,I,M,Q,A,1
V,S,V,A,E,G,S,L,A,V,F,I,G,K,E,Q,E,V,H,R,K,I,M,Q,A,1
V,S,V,A,E,G,S,L,A,M,F,I,G,K,E,Q,E,V,H,R,K,I,M,Q,A,1
V,S,V,A,E,G,S,L,A,V,F,I,G,K,E,Q,E,V,H,R,K,I,M,Q,A,1
V,S,V,A,E,G,S,L,A,V,F,I,G,K,E,Q,E,V,H,R,K,I,M,Q,A,1
V,S,V,A,E,G,S,L,A,V,F,I,G,K,E,Q,E,V,H,R,K,I,M,Q,A,1
V,S,V,A,E,G,S,L,A,V,F,I,G,K,E,Q,E,V,H,R,K,I,M,Q,A,1
V,S,V,A,E,Q,C,L,A,V,L,T,G,K,E,Q,E,V,H,R,K,I,M,Q,T,1
V,S,V,A,E,K,S,L,A,M,F,I,G,K,E,Q,E,V,H,R,K,I,M,Q,T,1
V,S,G,A,E,K,S,L,A,V,L,T,G,K,E,Q,E,V,H,R,K,I,M,Q,A,1
V,S,V,A,E,K,S,L,A,V,F,T,R,K,E,Q,E,V,H,R,K,I,M,Q,T,1
V,L,V,A,E,K,S,L,A,V,F,I,G,E,E,Q,E,V,H,R,K,I,M,Q,T,1
V,S,V,A,E,E,S,L,A,V,F,I,G,K,E,Q,E,V,H,R,K,I,M,Q,T,1
V,S,G,A,E,K,S,L,A,V,L,T,G,K,E,Q,E,V,H,R,K,I,M,Q,T,1
V,S,G,A,E,K,S,L,A,V,L,I,G,K,E,Q,E,V,H,R,K,I,M,Q,T,1
V,S,V,A,E,K,S,L,A,V,L,I,G,K,E,Q,E,V,H,R,K,I,M,Q,T,1
V,S,G,A,E,K,S,L,A,V,L,I,G,K,E,Q,E,V,H,R,K,I,M,Q,T,1
V,S,M,A,E,K,S,L,A,V,F,I,G,K,E,Q,E,V,H,R,K,I,M,Q,T,1
V,S,V,A,E,K,S,L,A,V,F,I,G,K,E,Q,E,V,H,R,K,I,M,Q,T,1
V,S,V,T,E,K,S,L,A,V,F,T,G,K,E,Q,E,V,H,R,K,I,M,Q,T,1
V,S,V,A,E,K,S,L,A,V,F,I,G,K,E,Q,E,I,H,R,K,I,M,Q,T,1
V,S,V,A,E,K,S,L,A,V,F,I,G,K,E,Q,E,V,H,R,K,I,M,Q,T,1
V,S,V,A,E,E,S,L,A,V,F,I,G,K,E,Q,E,V,H,R,K,I,M,Q,T,1
V,S,V,A,E,E,S,L,A,V,F,I,G,K,E,Q,E,V,H,R,K,I,M,Q,T,1
V,S,A,E,E,G,S,L,A,V,F,I,G,K,E,Q,E,I,H,R,K,I,M,Q,A,1
V,S,M,A,E,E,S,L,A,L,L,T,G,K,E,Q,E,I,H,R,K,I,M,L,T,1
V,S,V,T,E,E,S,L,A,V,F,I,G,K,E,Q,E,V,H,R,K,I,M,Q,A,1
V,S,A,T,E,E,S,L,A,V,F,I,G,K,E,Q,E,V,H,R,K,I,M,Q,A,1
V,S,V,T,E,E,S,L,A,V,F,I,G,K,E,Q,E,V,H,R,K,I,M,Q,A,1
V,S,V,A,E,G,S,L,A,V,F,I,G,K,E,Q,E,V,H,R,K,I,M,P,P,1
V,S,V,A,E,E,S,L,A,V,F,I,G,K,E,Q,E,V,H,R,K,L,I,Q,T,1
V,L,A,A,E,E,S,L,A,M,F,I,G,K,E,Q,E,V,H,R,K,I,M,Q,T,1
V,S,V,A,E,K,S,L,A,V,F,I,G,K,E,Q,E,V,H,R,K,T,M,Q,A,1
V,S,V,A,E,G,S,L,A,V,F,I,G,K,E,Q,E,V,H,R,K,I,M,P,A,1
V,S,M,A,E,E,S,L,I,L,F,I,G,K,E,Q,E,I,H,R,K,I,M,Q,T,1
V,S,V,A,E,E,S,L,A,V,Y,I,G,K,K,Q,E,V,H,R,K,I,M,Q,A,1
V,S,V,A,E,E,S,L,A,V,Y,V,G,K,E,Q,E,V,H,R,K,I,M,Q,A,1
V,S,M,A,E,E,S,L,A,L,L,T,G,K,E,Q,E,I,H,R,K,V,M,Q,T,1
V,S,M,A,E,E,S,L,A,L,F,T,G,K,E,Q,E,I,H,R,K,I,M,Q,P,1
V,S,V,A,E,K,S,L,A,V,L,I,G,K,E,Q,E,V,H,R,K,I,M,Q,A,1
V,S,V,A,E,E,S,L,A,V,F,I,G,K,E,Q,E,V,H,R,K,I,M,Q,A,1
V,S,V,A,E,E,S,L,A,V,F,I,G,K,E,Q,E,V,H,R,K,I,M,Q,A,1
V,S,V,A,E,E,S,L,A,V,F,I,G,K,E,Q,E,V,H,R,K,I,M,Q,A,1
V,S,M,A,E,E,S,L,A,V,L,I,G,K,E,Q,E,V,H,R,K,I,M,Q,A,1
V,S,V,A,E,E,S,L,A,V,L,I,G,K,E,Q,E,I,H,R,K,I,M,Q,A,1
V,S,V,A,E,K,S,L,A,V,F,V,G,K,E,Q,E,V,H,R,K,I,M,Q,A,1
V,S,V,A,E,R,S,L,A,V,F,I,G,K,E,Q,E,V,H,R,K,I,M,Q,A,1
V,S,M,A,E,E,S,L,A,L,L,I,G,K,E,Q,E,I,H,R,K,I,M,Q,T,1
V,S,M,A,E,E,S,L,A,L,F,N,G,K,E,Q,E,M,H,R,K,I,M,Q,T,1
V,S,M,A,E,E,S,L,A,V,F,I,G,K,E,Q,E,V,H,R,K,I,M,Q,A,1
V,S,V,A,E,E,S,L,T,V,F,I,G,K,E,Q,E,A,H,R,K,I,M,Q,A,1
V,L,V,A,E,E,S,L,A,V,F,I,G,K,E,Q,E,V,H,R,K,T,M,Q,A,1
V,S,T,A,E,E,S,L,A,L,F,I,G,K,E,Q,E,I,H,R,K,I,M,Q,T,1
V,S,V,A,E,G,S,L,A,V,F,I,G,K,E,Q,E,V,H,R,K,S,M,Q,A,1
V,S,V,A,E,G,S,L,T,V,F,I,G,N,E,Q,E,V,H,R,K,T,M,Q,A,1
V,S,M,A,E,E,S,L,A,L,F,I,G,K,E,Q,E,V,H,R,K,I,M,Q,T,1
V,S,V,A,E,E,S,L,A,L,F,I,G,K,E,Q,E,I,H,R,K,I,M,Q,T,1
V,S,M,A,E,E,S,L,A,L,F,I,G,K,E,Q,E,I,H,R,K,I,M,Q,T,1
V,S,M,A,E,E,S,L,A,L,F,I,G,K,E,Q,E,I,H,R,K,I,M,Q,T,1
V,S,M,A,E,E,S,L,A,L,F,I,G,K,E,Q,E,I,H,R,K,I,M,Q,T,1
V,S,M,A,E,E,S,L,A,L,F,T,G,K,E,Q,E,I,H,R,K,I,M,Q,T,1
V,S,M,A,G,E,S,L,A,L,F,T,G,K,E,Q,E,I,H,R,K,I,M,Q,T,1
V,S,M,A,G,E,S,L,A,L,F,T,G,K,E,Q,E,I,H,R,K,I,M,Q,T,1
V,S,M,A,E,E,S,L,A,L,F,T,G,K,E,Q,E,I,H,R,K,I,M,Q,T,1
V,S,M,A,E,E,S,L,A,L,F,T,G,K,E,Q,E,I,H,R,K,M,M,Q,T,1
V,S,M,A,E,E,S,L,A,L,F,T,G,K,E,Q,E,I,H,R,K,I,M,Q,T,1
V,S,T,A,E,E,S,L,A,L,F,T,G,K,E,Q,E,I,H,R,K,I,M,Q,T,1
V,S,M,A,E,E,S,L,A,L,F,T,G,K,E,Q,E,T,H,R,K,I,M,Q,T,1
V,S,M,A,E,E,S,L,A,L,F,I,G,K,E,Q,E,M,H,R,R,I,M,Q,T,1
V,S,M,A,E,E,S,L,A,L,F,I,G,K,E,Q,E,I,H,R,R,I,M,Q,T,1
V,S,M,A,E,E,S,L,A,L,F,I,G,K,E,Q,E,I,H,R,K,I,M,Q,T,1
V,S,M,A,E,K,S,L,A,L,F,I,G,K,E,Q,E,I,H,R,K,I,M,Q,T,1
V,S,M,A,E,E,S,L,A,L,F,I,G,K,E,Q,E,I,H,R,K,I,M,Q,T,1
V,S,M,A,E,E,S,L,A,L,F,I,G,K,E,Q,E,I,H,R,K,I,M,Q,T,1
V,S,M,A,E,E,S,L,A,L,F,T,G,K,E,Q,E,I,H,R,K,I,M,Q,T,1
V,S,K,A,E,E,S,L,A,L,F,T,G,K,E,Q,E,M,H,R,K,I,M,Q,T,1
V,S,M,A,E,E,S,L,A,L,F,T,G,K,E,Q,E,M,H,R,K,I,M,Q,T,1
V,S,M,A,E,E,S,L,A,L,F,T,G,K,E,Q,E,I,H,R,K,I,M,Q,T,1
V,S,M,A,E,E,S,L,A,L,F,A,G,K,E,Q,E,I,H,R,K,I,M,Q,T,1
V,L,V,A,E,E,S,L,A,V,F,I,G,K,E,Q,E,V,H,R,K,I,M,Q,A,1
V,L,V,A,E,E,S,L,A,V,F,I,G,K,E,Q,E,V,H,R,K,I,M,Q,A,1
V,S,V,A,E,K,S,L,A,V,F,I,G,K,E,Q,E,V,H,R,K,I,M,Q,A,1
V,L,V,A,E,E,S,L,A,V,F,I,G,K,E,Q,E,V,H,R,K,I,M,Q,A,1
V,L,M,A,E,E,S,L,A,V,F,I,G,K,E,Q,E,V,H,R,K,I,M,Q,A,1
V,L,V,A,E,E,S,L,A,V,F,V,G,K,E,Q,E,V,H,R,K,I,M,Q,A,1
V,L,V,A,E,E,S,L,A,V,F,I,G,K,E,Q,E,V,H,R,K,I,M,Q,A,1
V,L,V,A,E,E,S,L,A,V,F,I,G,K,E,Q,E,V,H,R,K,I,M,Q,A,1
V,L,V,A,E,E,S,L,A,V,F,I,G,K,E,Q,E,V,H,R,K,I,M,Q,A,1
V,L,V,A,E,E,S,L,A,V,F,I,G,K,E,Q,E,V,H,R,K,I,M,Q,A,1
V,S,M,A,E,G,S,L,A,V,F,I,G,K,E,Q,E,V,H,R,K,I,M,Q,A,1
V,S,V,A,E,G,S,L,A,V,F,I,G,K,E,Q,E,I,H,R,K,I,M,Q,A,1
V,S,V,A,E,G,S,L,A,V,F,I,G,K,E,Q,E,V,H,R,K,I,M,Q,A,1
V,S,V,A,E,E,S,L,A,V,F,I,G,K,E,Q,E,V,H,R,K,I,M,Q,A,1
V,S,V,A,E,E,S,L,A,V,F,I,G,K,E,Q,E,V,H,R,K,I,M,Q,A,1
V,S,M,A,E,E,S,L,A,V,F,I,G,K,E,Q,E,V,H,R,K,I,M,Q,T,1
V,S,M,A,E,E,S,L,A,V,F,I,G,K,E,Q,E,V,H,R,K,I,M,Q,T,1
V,S,M,A,E,E,S,L,A,V,F,I,G,K,E,Q,E,V,H,R,K,I,M,Q,T,1
V,S,V,A,E,E,S,L,T,V,F,I,G,K,E,Q,E,V,H,R,K,I,M,Q,A,1
V,S,V,A,E,E,S,L,T,V,F,I,G,K,E,Q,E,V,H,R,K,I,M,Q,A,1
V,S,V,A,E,E,S,L,A,V,F,I,G,K,E,Q,E,V,H,R,K,I,M,Q,A,1
V,S,V,A,E,E,S,L,A,V,F,I,G,K,E,Q,E,V,H,R,K,I,M,Q,A,1
V,S,V,A,E,E,S,L,A,V,F,I,G,K,E,Q,E,V,H,R,K,I,M,Q,A,1
V,S,V,A,E,E,S,L,A,V,F,I,G,K,E,Q,E,V,H,R,K,I,M,Q,A,1
V,S,V,A,E,E,S,L,A,V,F,I,G,K,E,Q,E,V,H,R,K,I,M,Q,A,1
V,S,V,A,E,E,S,L,A,V,F,I,G,K,E,Q,E,V,H,R,K,I,M,Q,A,1
V,S,V,A,E,E,S,L,A,V,F,I,G,K,E,Q,E,V,H,R,K,I,M,Q,A,1
V,S,V,A,E,E,S,L,A,V,F,I,G,K,E,Q,E,A,H,R,K,I,M,Q,A,1
V,S,V,A,E,E,S,L,A,L,F,I,G,K,E,Q,E,V,H,R,K,I,M,Q,A,1
V,S,V,A,E,E,S,L,A,V,F,I,G,K,E,Q,E,V,H,R,K,I,M,Q,A,1
V,S,V,A,E,E,S,L,A,V,F,I,G,K,E,Q,E,V,H,R,K,I,M,Q,A,1
V,S,V,A,E,E,S,L,A,V,F,I,G,K,E,Q,E,V,H,R,K,I,M,Q,A,1
V,S,M,A,E,E,S,L,T,V,F,I,G,K,E,Q,E,V,H,R,K,I,M,Q,A,1
V,S,V,A,E,E,S,L,A,V,F,I,G,K,E,Q,E,V,H,R,K,I,M,Q,A,1
V,S,M,A,E,E,S,L,A,V,F,I,G,K,E,Q,E,V,H,R,K,I,M,Q,A,1
V,S,M,A,E,E,S,L,A,V,F,I,G,K,E,Q,E,V,H,R,K,I,M,Q,A,1
V,S,M,A,E,E,S,L,A,V,F,I,G,K,E,Q,E,V,H,R,K,I,M,Q,A,1
V,S,G,A,E,G,S,L,A,V,F,I,G,K,E,Q,E,V,H,R,K,I,M,Q,A,1
V,S,G,A,E,G,S,L,A,V,F,I,G,K,E,Q,E,V,H,R,K,I,M,Q,A,1
V,S,G,A,E,G,S,L,A,V,F,I,G,K,E,Q,E,V,H,R,K,I,M,Q,A,1
V,S,?,A,E,G,S,L,A,V,F,I,G,K,E,Q,E,V,H,R,K,I,M,Q,A,1
V,S,V,A,E,G,S,L,A,V,F,I,G,K,E,Q,E,V,H,R,K,I,M,Q,A,1
V,S,V,A,E,G,S,L,A,V,F,I,G,K,E,Q,E,V,H,R,K,I,M,Q,A,1
V,S,M,E,E,G,S,L,A,V,F,I,G,K,E,Q,E,V,H,R,K,I,M,Q,A,1
V,S,V,V,E,G,S,L,A,V,F,I,G,K,E,Q,E,V,H,R,K,I,M,Q,A,1
V,S,V,A,E,G,S,L,T,V,F,I,G,N,E,Q,E,V,H,R,K,I,M,Q,A,1
V,S,V,A,E,G,S,L,T,V,L,I,G,N,E,Q,E,V,H,R,K,I,M,Q,A,1
V,S,V,A,E,G,S,L,T,V,F,I,G,N,E,Q,E,V,H,R,K,I,M,Q,A,1
V,S,V,A,E,G,S,L,T,V,F,I,G,N,E,Q,E,V,H,R,K,I,M,Q,A,1
V,S,V,A,E,G,S,L,A,V,F,I,G,N,E,Q,E,V,H,R,K,I,M,Q,A,1
V,S,V,A,E,G,S,L,S,V,F,I,G,N,E,Q,E,V,H,R,K,I,M,Q,A,1
V,S,A,A,E,G,S,L,A,V,F,I,G,N,E,Q,E,V,H,R,K,I,M,Q,A,1
V,S,V,A,E,G,S,L,A,V,F,I,G,N,E,Q,E,V,H,R,K,I,M,Q,A,1
V,S,V,A,E,G,S,L,A,V,F,I,G,K,E,Q,E,V,H,R,K,I,M,Q,A,1
V,S,V,A,E,G,S,L,S,V,F,I,G,K,E,Q,E,V,H,R,K,I,M,Q,A,1
V,S,V,A,E,G,S,L,A,V,F,I,G,K,E,Q,E,V,H,R,K,I,M,Q,A,1
V,S,V,A,E,G,S,L,A,V,F,I,G,K,E,Q,E,V,H,R,K,I,M,Q,A,1
V,S,V,A,E,G,S,L,A,V,F,I,G,K,E,Q,E,V,H,R,K,I,M,Q,A,1
V,S,V,A,E,G,S,L,A,V,F,I,G,K,E,Q,E,V,H,R,K,I,M,Q,A,1
V,S,V,A,E,G,S,L,A,V,F,I,G,K,E,Q,E,V,H,R,K,I,M,Q,A,1
V,S,V,A,E,G,S,L,A,V,F,I,G,K,E,Q,E,V,H,R,K,I,M,Q,A,1
V,S,V,A,E,G,S,L,A,V,F,I,G,K,E,Q,E,V,H,R,K,I,M,Q,A,1
V,S,V,A,E,G,S,L,A,V,F,I,G,K,E,Q,E,V,H,R,K,I,M,Q,A,1
V,S,V,A,E,G,S,L,A,V,F,I,G,K,E,Q,E,V,H,R,K,I,M,Q,A,1
V,S,V,A,E,G,S,L,A,V,F,I,G,K,E,Q,?,?,?,?,?,?,?,?,?,1
V,S,V,A,E,G,S,L,A,V,F,I,G,K,E,Q,E,V,H,R,K,I,M,Q,A,1
V,S,V,A,E,G,S,L,A,V,F,I,G,K,E,Q,E,V,H,R,K,I,M,Q,A,1
V,S,V,A,E,G,S,L,A,V,F,I,G,K,E,Q,E,V,H,R,K,I,M,Q,T,1
V,S,V,A,E,G,S,L,A,V,F,I,G,K,E,Q,E,V,H,R,K,I,M,Q,A,1
V,S,V,A,E,E,S,L,A,V,F,I,G,K,E,Q,E,V,H,R,K,I,M,Q,A,1
V,L,V,A,E,E,S,L,A,V,F,I,G,K,E,Q,E,V,H,R,K,I,M,Q,A,1
V,L,V,A,E,E,S,L,A,V,F,I,G,K,E,Q,E,V,H,R,K,I,M,Q,A,1
V,L,V,A,E,E,S,L,A,V,F,I,G,K,E,Q,E,V,H,R,K,I,M,Q,A,1
V,L,V,A,E,E,S,L,A,V,F,I,G,K,E,Q,E,V,H,R,K,I,M,Q,A,1
V,S,M,A,E,E,S,L,A,V,F,I,G,K,E,Q,E,V,H,R,K,I,M,Q,A,1
V,S,V,A,E,E,S,L,A,V,F,I,G,K,E,Q,E,V,H,R,K,I,M,Q,A,1
V,S,V,E,E,E,S,L,A,V,F,I,G,K,E,Q,E,V,H,R,K,I,M,Q,A,1
V,S,V,E,E,E,S,L,A,V,F,I,G,K,E,Q,E,V,H,R,K,I,M,Q,A,1
V,S,M,E,E,E,S,L,A,V,L,D,G,K,E,Q,E,V,H,K,R,I,I,Q,T,0
V,S,M,G,E,E,S,L,A,V,L,T,G,K,E,Q,E,V,H,R,K,I,M,Q,T,1
V,S,M,G,E,E,S,L,A,V,L,T,G,K,E,Q,E,V,H,R,K,I,M,Q,T,1
V,S,M,G,E,E,S,L,A,V,L,T,G,K,E,Q,E,V,H,R,K,I,M,Q,T,1
V,S,L,E,E,E,S,L,A,V,L,N,E,K,E,Q,E,V,H,K,K,V,M,Q,T,1
V,S,M,G,E,E,S,L,A,V,L,S,G,N,R,H,E,V,H,R,K,I,M,Q,T,0
V,S,M,G,E,E,S,L,A,V,L,S,G,D,R,Q,E,V,H,R,K,I,M,Q,T,0
V,S,K,G,E,E,S,L,A,V,L,N,G,K,E,Q,E,V,H,R,R,I,M,Q,T,1
V,S,K,G,E,E,S,L,A,V,L,N,G,K,E,Q,E,V,H,R,I,I,M,Q,T,1
V,S,R,R,E,K,S,L,S,V,L,N,G,K,E,Q,E,V,H,R,K,V,M,Q,T,0
V,S,T,G,E,E,S,L,A,A,L,S,G,K,E,Q,E,V,H,R,K,I,M,Q,T,1
V,S,T,G,E,E,S,L,A,A,L,S,G,K,E,Q,E,V,H,R,K,I,M,Q,T,1
V,S,M,G,E,E,S,L,A,V,L,I,G,K,E,Q,E,V,H,R,K,I,M,Q,T,1
V,S,M,A,E,E,S,L,S,V,L,I,G,K,E,Q,E,V,H,R,K,I,M,Q,A,1
V,S,M,E,E,E,S,L,A,V,L,N,G,K,E,Q,E,V,H,R,K,I,L,Q,T,0
V,S,T,G,E,K,S,L,A,V,L,N,G,K,E,Q,E,M,H,R,K,I,M,Q,T,1
V,S,M,G,E,E,S,L,A,V,L,S,G,K,E,Q,E,V,H,K,K,I,M,Q,T,0
V,S,T,G,E,E,S,I,A,V,L,S,G,K,E,Q,E,V,H,R,R,V,M,Q,T,0
V,S,M,G,E,E,S,L,A,V,L,I,G,K,E,Q,E,V,H,R,K,I,M,Q,A,1
V,S,V,R,E,E,S,L,A,V,L,I,G,K,E,Q,E,V,H,R,K,I,M,Q,T,1
V,S,M,G,E,E,S,L,A,V,L,I,G,K,E,Q,E,V,H,R,K,I,M,Q,T,1
V,S,M,G,E,E,S,L,A,V,L,S,G,K,E,Q,E,V,H,R,K,I,M,Q,T,0
V,S,M,G,E,E,S,L,A,V,L,S,E,K,E,Q,E,V,H,R,K,I,M,Q,T,0
V,S,M,G,E,E,S,L,A,V,L,S,G,K,E,Q,E,V,Y,R,K,V,M,Q,T,0
V,S,M,G,E,E,S,L,A,V,L,S,G,K,E,Q,E,V,H,R,K,I,M,Q,T,0
V,S,M,G,E,E,S,L,A,V,L,S,G,K,E,Q,E,V,H,R,K,I,M,Q,T,0
V,S,M,G,E,E,S,L,A,V,L,S,G,K,E,Q,E,V,H,R,K,I,M,Q,T,0
V,S,M,G,E,E,S,L,T,I,L,S,G,K,E,Q,E,V,H,R,K,I,M,Q,T,1
V,S,M,G,E,E,S,L,A,I,L,S,G,K,E,Q,E,V,H,R,K,I,M,Q,T,1
V,S,M,G,E,E,S,L,A,V,L,S,G,K,E,Q,E,V,H,R,K,I,M,Q,T,1
V,S,M,G,E,E,S,L,A,V,L,S,G,K,E,Q,E,V,H,R,K,V,M,Q,T,0
V,S,M,G,E,E,S,L,A,V,L,S,G,K,E,Q,E,V,H,R,K,I,M,Q,T,0
V,S,M,G,E,E,S,L,A,V,L,N,G,K,E,Q,E,V,H,R,K,I,M,Q,T,1
V,S,M,G,E,E,S,L,A,V,L,N,G,K,E,Q,E,V,H,R,K,I,M,Q,T,0
V,S,M,G,E,E,S,L,A,V,L,S,G,K,E,Q,E,V,H,R,K,I,M,Q,T,0
V,S,M,G,E,E,S,L,A,V,L,S,G,K,E,Q,E,V,H,R,K,I,M,Q,T,0
V,S,M,G,E,E,S,L,A,V,L,S,E,K,E,Q,D,V,H,R,R,I,M,Q,T,0
V,S,M,G,E,E,S,L,A,V,L,S,G,K,E,Q,D,V,H,R,R,I,M,Q,T,0
V,S,M,G,E,E,S,L,A,V,L,S,G,K,E,Q,D,V,H,R,R,I,M,Q,T,0
V,S,M,G,E,K,S,L,A,V,L,N,G,K,E,Q,E,M,H,R,K,I,M,Q,T,1
V,S,M,G,G,E,S,L,A,V,L,N,G,K,E,Q,E,M,H,R,K,I,M,Q,T,1
V,S,M,G,E,E,S,L,A,V,L,N,G,K,E,Q,E,M,H,R,K,I,M,Q,T,1
V,S,M,G,E,E,S,L,A,V,L,T,G,K,E,Q,E,V,H,R,K,I,M,Q,T,1
V,S,M,G,E,E,S,L,A,V,L,I,G,K,E,Q,E,I,H,R,K,I,M,Q,T,1
V,S,R,G,E,E,S,L,A,V,L,I,G,K,E,Q,E,V,H,R,K,I,M,Q,T,1
V,S,M,G,E,E,S,L,A,V,L,I,G,K,E,Q,E,V,H,R,K,I,M,Q,T,1
V,S,M,G,E,E,S,L,A,V,L,S,G,K,E,Q,E,V,H,R,K,I,M,Q,T,0
V,S,M,G,G,E,S,L,A,V,L,S,G,K,E,Q,E,V,H,R,K,I,M,Q,T,0
V,S,M,G,G,E,S,L,A,V,L,S,G,K,E,Q,E,V,H,R,K,I,M,Q,A,1
V,S,M,G,E,E,S,L,A,V,L,N,G,K,E,Q,E,V,H,K,K,I,M,Q,T,0
V,S,M,G,E,E,S,L,A,V,L,I,G,K,E,Q,E,V,H,R,K,I,M,Q,T,1
V,S,M,G,E,E,S,L,A,V,L,N,G,K,E,Q,E,V,H,R,K,I,M,Q,T,0
V,S,M,G,E,E,S,L,A,V,L,S,G,K,E,Q,E,V,H,R,K,I,M,Q,T,0
V,S,K,G,E,E,S,L,A,V,L,N,G,K,E,Q,E,V,H,R,R,I,M,Q,T,1
V,S,M,G,E,E,S,L,A,V,L,S,G,K,E,Q,E,V,H,R,K,V,M,Q,T,0
V,S,M,G,E,E,S,L,A,V,L,S,G,K,E,Q,E,V,H,R,K,I,M,Q,T,0
V,S,M,G,E,E,S,L,A,V,L,S,G,K,E,Q,E,V,H,R,K,I,M,Q,T,1
V,S,M,A,E,E,S,L,A,V,L,S,G,K,E,Q,E,V,H,R,K,V,M,Q,T,1
V,S,M,K,E,E,S,L,A,V,L,S,G,K,E,Q,E,V,H,R,K,I,V,Q,T,0
V,S,M,G,E,E,S,L,A,V,L,S,G,N,E,Q,E,M,H,R,K,V,M,Q,T,0
V,S,M,G,E,E,S,L,A,V,L,S,G,K,E,Q,E,V,H,K,K,V,M,Q,T,0
V,S,M,G,E,E,S,L,A,V,L,N,G,K,E,Q,E,V,H,R,K,I,M,Q,T,0
V,S,M,G,E,E,S,L,A,V,L,S,G,K,E,Q,E,V,H,R,K,V,M,Q,T,1
V,L,M,G,E,E,S,L,A,V,L,S,G,K,E,Q,E,V,H,R,K,V,M,Q,T,0
V,L,M,G,E,E,S,L,A,V,L,S,G,K,E,Q,E,V,H,R,K,I,M,Q,T,0
V,S,M,G,E,E,S,F,A,V,L,I,G,K,E,Q,E,V,H,R,K,I,M,Q,T,1
V,S,M,G,E,E,S,F,A,V,L,I,G,K,E,Q,E,V,H,R,K,I,M,Q,T,1
V,S,M,G,E,E,S,F,A,I,L,S,G,K,E,Q,E,V,H,R,K,I,M,Q,T,1
V,S,M,G,E,E,S,F,A,V,L,S,E,K,E,Q,E,V,H,R,K,I,M,Q,T,1
V,S,M,G,E,E,S,F,A,V,L,S,G,K,E,Q,E,V,H,R,K,I,M,Q,T,1
